image_id,baseline_dice,result_dice,delta_dice,selected_positive,selected_negative,selected_boundary
PolypGen__C1_711OLCV1_100H0006,6.543646180467988e-11,6.543646180467988e-11,0.0,,,
PolypGen__C4_18_endocv2021_positive_115,6.632619453661448e-11,6.632619453661448e-11,0.0,,,
PolypGen__C5_EndoCV2021_C5_50000005,6.639665206531475e-11,6.639665206531475e-11,0.0,,,
PolypGen__C4_35_endocv2021_negative_1058,6.658232992728941e-11,6.658232992728941e-11,0.0,,,
PolypGen__C2_EndoCV2021_001150,6.679580499824311e-11,6.679580499824311e-11,0.0,,,
PolypGen__C4_21_endocv2021_positive_812,6.71456362733025e-11,6.71456362733025e-11,0.0,,,
PolypGen__C4_12_endocv2021_positive_148,6.724949763725618e-11,6.724949763725618e-11,0.0,,,
PolypGen__C4_17_endocv2021_positive_1456,6.729475310329747e-11,6.729475310329747e-11,0.0,,,
PolypGen__C4_12_endocv2021_positive_38,6.730833945756132e-11,6.730833945756132e-11,0.0,,,
PolypGen__C4_14_endocv2021_positive_192,6.733100188505148e-11,6.733100188505148e-11,0.0,,,
PolypGen__C4_21_endocv2021_positive_1129,6.733553298277073e-11,6.733553298277073e-11,0.0,,,
PolypGen__C4_15_endocv2021_positive_1283,6.734460211710314e-11,6.734460211710314e-11,0.0,,,
PolypGen__C4_14_endocv2021_positive_421,6.751282866090946e-11,6.751282866090946e-11,0.0,,,
PolypGen__C2_EndoCV2021_001218,6.794863283143826e-11,6.794863283143826e-11,0.0,,,
PolypGen__C4_23_endocv2021_positive_768,6.863418167135649e-11,6.863418167135649e-11,0.0,,,
PolypGen__C4_11_endocv2021_positive_1344,6.866245766401491e-11,6.866245766401491e-11,0.0,,,
PolypGen__C4_26_endocv2021_positive_588,6.913716821266291e-11,6.913716821266291e-11,0.0,,,
PolypGen__C4_18_endocv2021_positive_341,6.91467300084625e-11,6.91467300084625e-11,0.0,,,
PolypGen__C4_27_endocv2021_positive_132,6.936255736444963e-11,6.936255736444963e-11,0.0,,,
PolypGen__C1_296OLCV1_100H0008,6.947339231677674e-11,6.947339231677674e-11,0.0,,,
PolypGen__C4_18_endocv2021_positive_334,7.00329169656122e-11,7.00329169656122e-11,0.0,,,
PolypGen__C5_EndoCV2021_C5_50000266,7.039775012929184e-11,7.039775012929184e-11,0.0,,,
PolypGen__C4_17_endocv2021_positive_457,7.060152462656788e-11,7.060152462656788e-11,0.0,,,
PolypGen__C4_16_endocv2021_positive_269,7.080648567470149e-11,7.080648567470149e-11,0.0,,,
PolypGen__C4_30_endocv2021_positive_614,7.080648567470149e-11,7.080648567470149e-11,0.0,,,
PolypGen__C4_17_endocv2021_positive_151,7.101264021258658e-11,7.101264021258658e-11,0.0,,,
PolypGen__C4_12_endocv2021_positive_289,7.223867337646794e-11,7.223867337646794e-11,0.0,,,
PolypGen__C4_25_endocv2021_positive_29,7.224389836357759e-11,7.224389836357759e-11,0.0,,,
PolypGen__C4_5_endocv2021_positive_1114,7.258474377103141e-11,7.258474377103141e-11,0.0,,,
PolypGen__C4_30_endocv2021_positive_447,7.307805055534189e-11,7.307805055534189e-11,0.0,,,
PolypGen__C2_EndoCV2021_001108,7.318501360487062e-11,7.318501360487062e-11,0.0,,,
PolypGen__C4_20_endocv2021_positive_434,7.3822531421186e-11,7.3822531421186e-11,0.0,,,
PolypGen__C4_31_endocv2021_positive_329 2,7.504127180757436e-11,7.504127180757436e-11,0.0,,,
PolypGen__C4_28_endocv2021_positive_201,7.515971178762015e-11,7.515971178762015e-11,0.0,,,
PolypGen__C1_100S0001,7.526719525419168e-11,7.526719525419168e-11,0.0,,,
PolypGen__C4_20_endocv2021_positive_270,7.545461477853621e-11,7.545461477853621e-11,0.0,,,
PolypGen__C4_17_endocv2021_positive_1499,7.560293363573223e-11,7.560293363573223e-11,0.0,,,
PolypGen__C4_11_endocv2021_positive_61,7.60456281279076e-11,7.60456281279076e-11,0.0,,,
PolypGen__C2_EndoCV2021_001093,7.624856995791518e-11,7.624856995791518e-11,0.0,,,
PolypGen__C2_EndoCV2021_001256,7.64350666093705e-11,7.64350666093705e-11,0.0,,,
PolypGen__C4_16_endocv2021_positive_328,7.685213576635874e-11,7.685213576635874e-11,0.0,,,
PolypGen__C4_11_endocv2021_positive_146,7.724990092050632e-11,7.724990092050632e-11,0.0,,,
PolypGen__C3_C3_EndoCV2021_0072,7.729767520503472e-11,7.729767520503472e-11,0.0,,,
PolypGen__C4_10_endocv2021_positive_584,7.75434230715355e-11,7.75434230715355e-11,0.0,,,
PolypGen__C1_442OLCV1_100H0002,7.756146419568566e-11,7.756146419568566e-11,0.0,,,
PolypGen__C4_14_endocv2021_positive_491,7.794231926538941e-11,7.794231926538941e-11,0.0,,,
PolypGen__C4_14_endocv2021_positive_782,7.828401121789952e-11,7.828401121789952e-11,0.0,,,
PolypGen__C4_25_endocv2021_positive_3,7.842522464773793e-11,7.842522464773793e-11,0.0,,,
PolypGen__C4_22_endocv2021_positive_225,7.888301817304821e-11,7.888301817304821e-11,0.0,,,
PolypGen__C4_23_endocv2021_positive_480,7.971939081086177e-11,7.971939081086177e-11,0.0,,,
PolypGen__C4_18_endocv2021_positive_265,8.00320157368084e-11,8.00320157368084e-11,0.0,,,
PolypGen__C2_EndoCV2021_001253,8.089960645829564e-11,8.089960645829564e-11,0.0,,,
PolypGen__C4_30_endocv2021_positive_480,8.24266419008346e-11,8.24266419008346e-11,0.0,,,
PolypGen__C4_19_endocv2021_positive_757,8.258320416398846e-11,8.258320416398846e-11,0.0,,,
PolypGen__C4_20_endocv2021_positive_544,8.433125031626076e-11,8.433125031626076e-11,0.0,,,
PolypGen__C4_31_endocv2021_positive_38,8.466683604213543e-11,8.466683604213543e-11,0.0,,,
PolypGen__C2_EndoCV2021_001365,8.469552142953418e-11,8.469552142953418e-11,0.0,,,
PolypGen__C1_419OLCV1_100H0016,8.704735543485498e-11,8.704735543485498e-11,0.0,,,
PolypGen__C2_EndoCV2021_001431,8.722958466655939e-11,8.722958466655939e-11,0.0,,,
PolypGen__C4_5_endocv2021_positive_1122,8.72828823106353e-11,8.72828823106353e-11,0.0,,,
PolypGen__C4_23_endocv2021_positive_98,8.830802061821075e-11,8.830802061821075e-11,0.0,,,
PolypGen__C4_12_endocv2021_positive_25,8.893632358342174e-11,8.893632358342174e-11,0.0,,,
PolypGen__C4_19_endocv2021_positive_711,8.909479404239917e-11,8.909479404239917e-11,0.0,,,
PolypGen__C4_11_endocv2021_positive_1228,8.951749758123739e-11,8.951749758123739e-11,0.0,,,
PolypGen__C2_EndoCV2021_001124,9.072763373918491e-11,9.072763373918491e-11,0.0,,,
PolypGen__C4_29_endocv2021_positive_39,9.073587020624885e-11,9.073587020624885e-11,0.0,,,
PolypGen__C2_EndoCV2021_001430,9.324009619948725e-11,9.324009619948725e-11,0.0,,,
PolypGen__C4_26_endocv2021_positive_14,9.586808430439575e-11,9.586808430439575e-11,0.0,,,
PolypGen__C4_11_endocv2021_positive_1475,9.727626343325468e-11,9.727626343325468e-11,0.0,,,
PolypGen__C1_394OLCV1_100H0012,9.73899502709763e-11,9.73899502709763e-11,0.0,,,
PolypGen__C4_17_endocv2021_positive_106,9.83187489755899e-11,9.83187489755899e-11,0.0,,,
PolypGen__C4_33_endocv2021_positive_887,1.0012014134419545e-10,1.0012014134419545e-10,0.0,,,
PolypGen__C4_20_endocv2021_positive_873,1.0091835700443141e-10,1.0091835700443141e-10,0.0,,,
PolypGen__C4_14_endocv2021_positive_1069,1.0150223023197569e-10,1.0150223023197569e-10,0.0,,,
PolypGen__C2_EndoCV2021_001270,1.0177081399831422e-10,1.0177081399831422e-10,0.0,,,
PolypGen__C2_EndoCV2021_001381,1.0265886751792408e-10,1.0265886751792408e-10,0.0,,,
PolypGen__C3_C3_EndoCV2021_00389,1.0447137599456369e-10,1.0447137599456369e-10,0.0,,,
PolypGen__C2_EndoCV2021_001267,1.0509721565243879e-10,1.0509721565243879e-10,0.0,,,
PolypGen__C4_14_endocv2021_positive_302,1.064849319831751e-10,1.064849319831751e-10,0.0,,,
PolypGen__C1_419OLCV1_100H0020,1.0773540393138603e-10,1.0773540393138603e-10,0.0,,,
PolypGen__C2_EndoCV2021_001123,1.0883761253355217e-10,1.0883761253355217e-10,0.0,,,
PolypGen__C5_EndoCV2021_C5_50000314,1.0943313616396111e-10,1.0943313616396111e-10,0.0,,,
PolypGen__C3_C3_EndoCV2021_00290,1.1219566942166637e-10,1.1219566942166637e-10,0.0,,,
PolypGen__C4_19_endocv2021_positive_1193,1.1262529797662069e-10,1.1262529797662069e-10,0.0,,,
PolypGen__C2_EndoCV2021_001161,1.1280315570516564e-10,1.1280315570516564e-10,0.0,,,
PolypGen__C4_23_endocv2021_positive_370,1.1331444810247504e-10,1.1331444810247504e-10,0.0,,,
PolypGen__C4_15_endocv2021_positive_997,1.1381743464378147e-10,1.1381743464378147e-10,0.0,,,
PolypGen__C5_EndoCV2021_C5_50000149,1.142726538394534e-10,1.142726538394534e-10,0.0,,,
PolypGen__C5_EndoCV2021_C5_50000381,1.1479737993536077e-10,1.1479737993536077e-10,0.0,,,
PolypGen__C2_EndoCV2021_001261,1.16063138266842e-10,1.16063138266842e-10,0.0,,,
PolypGen__C2_EndoCV2021_001113,1.1645510944457982e-10,1.1645510944457982e-10,0.0,,,
PolypGen__C4_24_endocv2021_positive_189,1.1713716108197048e-10,1.1713716108197048e-10,0.0,,,
PolypGen__C2_EndoCV2021_001402,1.1721955350818547e-10,1.1721955350818547e-10,0.0,,,
PolypGen__C4_23_endocv2021_positive_254,1.1824524692727323e-10,1.1824524692727323e-10,0.0,,,
PolypGen__C6_EndoCV2021_C6_0100102,1.1860988580192355e-10,1.1860988580192355e-10,0.0,,,
PolypGen__C4_14_endocv2021_positive_230,1.1944577271716383e-10,1.1944577271716383e-10,0.0,,,
PolypGen__C4_33_endocv2021_positive_958,1.2010568928300103e-10,1.2010568928300103e-10,0.0,,,
PolypGen__C2_EndoCV2021_001259,1.2226433754314314e-10,1.2226433754314314e-10,0.0,,,
PolypGen__C4_20_endocv2021_positive_417,1.2226433754314314e-10,1.2226433754314314e-10,0.0,,,
PolypGen__C3_C3_EndoCV2021_00143,1.289324341735565e-10,1.289324341735565e-10,0.0,,,
PolypGen__C2_EndoCV2021_001343,1.311475372745008e-10,1.311475372745008e-10,0.0,,,
PolypGen__C5_EndoCV2021_C5_50000198,1.3854253855249965e-10,1.3854253855249965e-10,0.0,,,
PolypGen__C2_EndoCV2021_001364,1.5003751019371236e-10,1.5003751019371236e-10,0.0,,,
PolypGen__C3_C3_EndoCV2021_00274,1.5349194137925792e-10,1.5349194137925792e-10,0.0,,,
PolypGen__C2_EndoCV2021_001388,1.589825077141782e-10,1.589825077141782e-10,0.0,,,
PolypGen__C5_EndoCV2021_C5_50000084,1.634521129556532e-10,1.634521129556532e-10,0.0,,,
PolypGen__C1_925OLCV1_100H0014,1.6436554894916355e-10,1.6436554894916355e-10,0.0,,,
PolypGen__C2_EndoCV2021_001131,1.6534391911182666e-10,1.6534391911182666e-10,0.0,,,
PolypGen__C4_19_endocv2021_positive_787,1.694340917568482e-10,1.694340917568482e-10,0.0,,,
PolypGen__C4_9_endocv2021_positive_1362,1.776830071964497e-10,1.776830071964497e-10,0.0,,,
PolypGen__C5_EndoCV2021_C5_50000147,1.8171905646902076e-10,1.8171905646902076e-10,0.0,,,
PolypGen__C4_19_endocv2021_positive_1477,1.8348624009068004e-10,1.8348624009068004e-10,0.0,,,
PolypGen__C6_EndoCV2021_C6_0100065,1.9142419593887183e-10,1.9142419593887183e-10,0.0,,,
PolypGen__C4_19_endocv2021_positive_1222,1.931620557948932e-10,1.931620557948932e-10,0.0,,,
PolypGen__C4_19_endocv2021_positive_879,1.9936204076476116e-10,1.9936204076476116e-10,0.0,,,
PolypGen__C3_C3_EndoCV2021_00429,2.0387359855877918e-10,2.0387359855877918e-10,0.0,,,
PolypGen__C2_EndoCV2021_001338,2.0820320467684894e-10,2.0820320467684894e-10,0.0,,,
PolypGen__C5_EndoCV2021_C5_50000078,2.0968755898298497e-10,2.0968755898298497e-10,0.0,,,
PolypGen__C2_EndoCV2021_001391,2.1222411328292168e-10,2.1222411328292168e-10,0.0,,,
PolypGen__C4_14_endocv2021_positive_864,2.1362957236537028e-10,2.1362957236537028e-10,0.0,,,
PolypGen__C5_EndoCV2021_C5_50000079,2.1659085636116515e-10,2.1659085636116515e-10,0.0,,,
PolypGen__C2_EndoCV2021_001314,2.213858818489456e-10,2.213858818489456e-10,0.0,,,
PolypGen__C5_EndoCV2021_C5_50000197,2.2758306350567636e-10,2.2758306350567636e-10,0.0,,,
PolypGen__C3_C3_EndoCV2021_0035,2.2904260432721202e-10,2.2904260432721202e-10,0.0,,,
PolypGen__C2_EndoCV2021_001371,2.3282886729703023e-10,2.3282886729703023e-10,0.0,,,
PolypGen__C4_10_endocv2021_positive_895,2.341920268822406e-10,2.341920268822406e-10,0.0,,,
PolypGen__C5_EndoCV2021_C5_50000194,2.4044241597742655e-10,2.4044241597742655e-10,0.0,,,
PolypGen__C2_EndoCV2021_001122,2.4172105983488734e-10,2.4172105983488734e-10,0.0,,,
PolypGen__C2_EndoCV2021_001087,2.424242473431093e-10,2.424242473431093e-10,0.0,,,
PolypGen__C2_EndoCV2021_001128,2.4630542050374515e-10,2.4630542050374515e-10,0.0,,,
PolypGen__C1_731OLCV1_100H0008,2.492522299668565e-10,2.492522299668565e-10,0.0,,,
PolypGen__C3_C3_EndoCV2021_0061,2.4931437470065987e-10,2.4931437470065987e-10,0.0,,,
PolypGen__C2_EndoCV2021_001217,2.537426935234066e-10,2.537426935234066e-10,0.0,,,
PolypGen__C3_C3_EndoCV2021_00248,2.7129679058823797e-10,2.7129679058823797e-10,0.0,,,
PolypGen__C2_EndoCV2021_001271,2.738225757248358e-10,2.738225757248358e-10,0.0,,,
PolypGen__C2_EndoCV2021_001195,2.7389757129014924e-10,2.7389757129014924e-10,0.0,,,
PolypGen__C2_EndoCV2021_001014,2.7979854544391003e-10,2.7979854544391003e-10,0.0,,,
PolypGen__C4_33_endocv2021_positive_1130,2.8304555921288e-10,2.8304555921288e-10,0.0,,,
PolypGen__C3_C3_EndoCV2021_0041,2.862049208740558e-10,2.862049208740558e-10,0.0,,,
PolypGen__C2_EndoCV2021_001061,2.875215621145344e-10,2.875215621145344e-10,0.0,,,
PolypGen__C5_EndoCV2021_C5_50000259,2.8901733784003625e-10,2.8901733784003625e-10,0.0,,,
PolypGen__C2_EndoCV2021_001269,2.938583543166118e-10,2.938583543166118e-10,0.0,,,
PolypGen__C2_EndoCV2021_001002,2.98864322179071e-10,2.98864322179071e-10,0.0,,,
PolypGen__C2_EndoCV2021_001345,3.032140649672499e-10,3.032140649672499e-10,0.0,,,
PolypGen__C5_EndoCV2021_C5_50000234,3.084515698414947e-10,3.084515698414947e-10,0.0,,,
PolypGen__C4_14_endocv2021_positive_503,3.135779136353989e-10,3.135779136353989e-10,0.0,,,
PolypGen__C3_C3_EndoCV2021_00428,3.1505986708424416e-10,3.1505986708424416e-10,0.0,,,
PolypGen__C2_EndoCV2021_001372,3.258390224303298e-10,3.258390224303298e-10,0.0,,,
PolypGen__C2_EndoCV2021_001232,3.26370763747974e-10,3.26370763747974e-10,0.0,,,
PolypGen__C2_EndoCV2021_001334,3.3422459244647484e-10,3.3422459244647484e-10,0.0,,,
PolypGen__C2_EndoCV2021_001010,3.3433633639390337e-10,3.3433633639390337e-10,0.0,,,
PolypGen__C5_EndoCV2021_C5_50000242,3.3783784103569303e-10,3.3783784103569303e-10,0.0,,,
PolypGen__C3_C3_EndoCV2021_00136,3.4211425359309544e-10,3.4211425359309544e-10,0.0,,,
PolypGen__C4_32_endocv2021_positive_339,3.4518468638999877e-10,3.4518468638999877e-10,0.0,,,
PolypGen__C2_EndoCV2021_001286,3.4758429467984797e-10,3.4758429467984797e-10,0.0,,,
PolypGen__C4_19_endocv2021_positive_1134,3.4867503329039096e-10,3.4867503329039096e-10,0.0,,,
PolypGen__C3_C3_EndoCV2021_00133,3.5124692043808636e-10,3.5124692043808636e-10,0.0,,,
PolypGen__C1_176OLCV1_100H0290,3.5549235777310173e-10,3.5549235777310173e-10,0.0,,,
PolypGen__C3_C3_EndoCV2021_00388,3.591953956494365e-10,3.591953956494365e-10,0.0,,,
PolypGen__C5_EndoCV2021_C5_50000347,3.6443148498932487e-10,3.6443148498932487e-10,0.0,,,
PolypGen__C4_6_endocv2021_positive_233,3.7878788994305523e-10,3.7878788994305523e-10,0.0,,,
PolypGen__C2_EndoCV2021_001330,3.8037276106628326e-10,3.8037276106628326e-10,0.0,,,
PolypGen__C3_C3_EndoCV2021_00457,3.825554595326963e-10,3.825554595326963e-10,0.0,,,
PolypGen__C3_C3_EndoCV2021_00477,3.8940808910759017e-10,3.8940808910759017e-10,0.0,,,
PolypGen__C3_C3_EndoCV2021_00491,3.9401101825653484e-10,3.9401101825653484e-10,0.0,,,
PolypGen__C4_6_endocv2021_positive_263,3.990422992039555e-10,3.990422992039555e-10,0.0,,,
PolypGen__C2_EndoCV2021_001354,3.993610164787498e-10,3.993610164787498e-10,0.0,,,
PolypGen__C2_EndoCV2021_001418,4.032258138497724e-10,4.032258138497724e-10,0.0,,,
PolypGen__C4_6_endocv2021_positive_388,4.189359137374282e-10,4.189359137374282e-10,0.0,,,
PolypGen__C3_C3_EndoCV2021_00461,4.2016806700573284e-10,4.2016806700573284e-10,0.0,,,
PolypGen__C5_EndoCV2021_C5_50000173,4.280821808144708e-10,4.280821808144708e-10,0.0,,,
PolypGen__C2_EndoCV2021_001304,4.2992262527796754e-10,4.2992262527796754e-10,0.0,,,
PolypGen__C3_C3_EndoCV2021_00481,4.387889496193509e-10,4.387889496193509e-10,0.0,,,
PolypGen__C3_C3_EndoCV2021_0077,4.438526490790906e-10,4.438526490790906e-10,0.0,,,
PolypGen__C3_C3_EndoCV2021_00277,4.50247644723234e-10,4.50247644723234e-10,0.0,,,
PolypGen__C4_6_endocv2021_positive_335,4.557885180389576e-10,4.557885180389576e-10,0.0,,,
PolypGen__C6_EndoCV2021_C6_0100073,4.5850526153579096e-10,4.5850526153579096e-10,0.0,,,
PolypGen__C3_C3_EndoCV2021_0036,4.63606847356246e-10,4.63606847356246e-10,0.0,,,
PolypGen__C5_EndoCV2021_C5_50000337,4.63606847356246e-10,4.63606847356246e-10,0.0,,,
PolypGen__C2_EndoCV2021_001285,4.688232579930229e-10,4.688232579930229e-10,0.0,,,
PolypGen__C6_EndoCV2021_C6_0100107,4.703669120864618e-10,4.703669120864618e-10,0.0,,,
PolypGen__C5_EndoCV2021_C5_50000348,4.723665347761141e-10,4.723665347761141e-10,0.0,,,
PolypGen__C3_C3_EndoCV2021_00254,4.880429393949726e-10,4.880429393949726e-10,0.0,,,
PolypGen__C2_EndoCV2021_001401,4.980079681971006e-10,4.980079681971006e-10,0.0,,,
PolypGen__C2_EndoCV2021_001311,4.997501301673424e-10,4.997501301673424e-10,0.0,,,
PolypGen__C2_EndoCV2021_001308,5.002501191064823e-10,5.002501191064823e-10,0.0,,,
PolypGen__C2_EndoCV2021_001194,5.050505014203566e-10,5.050505014203566e-10,0.0,,,
PolypGen__C5_EndoCV2021_C5_50000237,5.053056861825667e-10,5.053056861825667e-10,0.0,,,
PolypGen__C3_C3_EndoCV2021_00261,5.112474332769068e-10,5.112474332769068e-10,0.0,,,
PolypGen__C3_C3_EndoCV2021_00256,5.178664164162683e-10,5.178664164162683e-10,0.0,,,
PolypGen__C2_EndoCV2021_001415,5.189413343487104e-10,5.189413343487104e-10,0.0,,,
PolypGen__C3_C3_EndoCV2021_00423,5.200208041955534e-10,5.200208041955534e-10,0.0,,,
PolypGen__C2_EndoCV2021_001136,5.428881788560602e-10,5.428881788560602e-10,0.0,,,
PolypGen__C2_EndoCV2021_001376,5.558643545455766e-10,5.558643545455766e-10,0.0,,,
PolypGen__C1_342OLCV1_100H0004,5.58659229987768e-10,5.58659229987768e-10,0.0,,,
PolypGen__C5_EndoCV2021_C5_50000080,5.61797774967232e-10,5.61797774967232e-10,0.0,,,
PolypGen__C2_EndoCV2021_001351,5.624297139128487e-10,5.624297139128487e-10,0.0,,,
PolypGen__C2_EndoCV2021_001416,5.740528052911031e-10,5.740528052911031e-10,0.0,,,
PolypGen__C3_C3_EndoCV2021_0062,5.750431242290688e-10,5.750431242290688e-10,0.0,,,
PolypGen__C2_EndoCV2021_001305,5.868544539211484e-10,5.868544539211484e-10,0.0,,,
PolypGen__C2_EndoCV2021_001404,5.889281284865433e-10,5.889281284865433e-10,0.0,,,
PolypGen__C3_C3_EndoCV2021_00399,6.013229358892147e-10,6.013229358892147e-10,0.0,,,
PolypGen__C3_C3_EndoCV2021_00448,6.131207763715452e-10,6.131207763715452e-10,0.0,,,
PolypGen__C3_C3_EndoCV2021_00246,6.230529425721443e-10,6.230529425721443e-10,0.0,,,
PolypGen__C6_EndoCV2021_C6_0100062,6.230529425721443e-10,6.230529425721443e-10,0.0,,,
PolypGen__C5_EndoCV2021_C5_50000358,6.341154268341143e-10,6.341154268341143e-10,0.0,,,
PolypGen__C3_C3_EndoCV2021_0014,6.480881387105342e-10,6.480881387105342e-10,0.0,,,
PolypGen__C5_EndoCV2021_C5_50000048,6.510416650229445e-10,6.510416650229445e-10,0.0,,,
PolypGen__C3_C3_EndoCV2021_0054,6.561679533056974e-10,6.561679533056974e-10,0.0,,,
PolypGen__C2_EndoCV2021_001244,6.609385261313605e-10,6.609385261313605e-10,0.0,,,
PolypGen__C2_EndoCV2021_001323,6.770480842632765e-10,6.770480842632765e-10,0.0,,,
PolypGen__C5_EndoCV2021_C5_50000368,6.877579061814743e-10,6.877579061814743e-10,0.0,,,
PolypGen__C2_EndoCV2021_001322,6.983240097291343e-10,6.983240097291343e-10,0.0,,,
PolypGen__C2_EndoCV2021_001333,6.983240097291343e-10,6.983240097291343e-10,0.0,,,
PolypGen__C3_C3_EndoCV2021_00400,7.01262270474956e-10,7.01262270474956e-10,0.0,,,
PolypGen__C5_EndoCV2021_C5_50000124,7.042253447053781e-10,7.042253447053781e-10,0.0,,,
PolypGen__C4_19_endocv2021_positive_1307,7.07213565487308e-10,7.07213565487308e-10,0.0,,,
PolypGen__C3_C3_EndoCV2021_0068,7.102272658876529e-10,7.102272658876529e-10,0.0,,,
PolypGen__C1_278OLCV1_100H0010,7.283321168394252e-10,7.283321168394252e-10,0.0,,,
PolypGen__C2_EndoCV2021_001283,7.541477997641266e-10,7.541477997641266e-10,0.0,,,
PolypGen__C1_176OLCV1_100H0002,7.547169555977007e-10,7.547169555977007e-10,0.0,,,
PolypGen__C1_143OLCV1_100H0018,7.593014550444366e-10,7.593014550444366e-10,0.0,,,
PolypGen__C2_EndoCV2021_001301,7.651109190653926e-10,7.651109190653926e-10,0.0,,,
PolypGen__C3_C3_EndoCV2021_00156,7.733951812305406e-10,7.733951812305406e-10,0.0,,,
PolypGen__C3_C3_EndoCV2021_007,7.824725867244808e-10,7.824725867244808e-10,0.0,,,
PolypGen__C2_EndoCV2021_001348,7.886435393622548e-10,7.886435393622548e-10,0.0,,,
PolypGen__C5_EndoCV2021_C5_50000336,7.886435393622548e-10,7.886435393622548e-10,0.0,,,
PolypGen__C3_C3_EndoCV2021_00297,7.974481630590446e-10,7.974481630590446e-10,0.0,,,
PolypGen__C1_226OLCV1_100H0002,8.019246378054845e-10,8.019246378054845e-10,0.0,,,
PolypGen__C5_EndoCV2021_C5_50000116,8.064516276995448e-10,8.064516276995448e-10,0.0,,,
PolypGen__C5_EndoCV2021_C5_50000222,8.130081052826199e-10,8.130081052826199e-10,0.0,,,
PolypGen__C2_EndoCV2021_001428,8.183306254849754e-10,8.183306254849754e-10,0.0,,,
PolypGen__C3_C3_EndoCV2021_00158,8.223683956032346e-10,8.223683956032346e-10,0.0,,,
PolypGen__C3_C3_EndoCV2021_0098,8.223683956032346e-10,8.223683956032346e-10,0.0,,,
PolypGen__C2_EndoCV2021_001299,8.291873854204823e-10,8.291873854204823e-10,0.0,,,
PolypGen__C1_503OLCV1_100H0012,8.305647836159835e-10,8.305647836159835e-10,0.0,,,
PolypGen__C5_EndoCV2021_C5_50000178,8.319467337258857e-10,8.319467337258857e-10,0.0,,,
PolypGen__C3_C3_EndoCV2021_00228,8.396305872793164e-10,8.396305872793164e-10,0.0,,,
PolypGen__C3_C3_EndoCV2021_0080,8.554320030107476e-10,8.554320030107476e-10,0.0,,,
PolypGen__C3_C3_EndoCV2021_00267,8.561643616289416e-10,8.561643616289416e-10,0.0,,,
PolypGen__C5_EndoCV2021_C5_50000313,8.605852142018477e-10,8.605852142018477e-10,0.0,,,
PolypGen__C3_C3_EndoCV2021_00456,8.665511086469735e-10,8.665511086469735e-10,0.0,,,
PolypGen__C5_EndoCV2021_C5_50000126,8.779631466282467e-10,8.779631466282467e-10,0.0,,,
PolypGen__C4_18_endocv2021_positive_1492,8.787346406080587e-10,8.787346406080587e-10,0.0,,,
PolypGen__C4_18_endocv2021_positive_960,8.833922482409662e-10,8.833922482409662e-10,0.0,,,
PolypGen__C6_EndoCV2021_C6_0100076,9.216589713645362e-10,9.216589713645362e-10,0.0,,,
PolypGen__C1_962OLCV1_100H0004,9.276437951122318e-10,9.276437951122318e-10,0.0,,,
PolypGen__C5_EndoCV2021_C5_50000128,9.496675668074772e-10,9.496675668074772e-10,0.0,,,
PolypGen__C2_EndoCV2021_001094,9.505702891488e-10,9.505702891488e-10,0.0,,,
PolypGen__C6_EndoCV2021_C6_0100075,9.615384044536768e-10,9.615384044536768e-10,0.0,,,
PolypGen__C3_C3_EndoCV2021_00424,9.699321346090528e-10,9.699321346090528e-10,0.0,,,
PolypGen__C5_EndoCV2021_C5_50000227,9.990009930405108e-10,9.990009930405108e-10,0.0,,,
PolypGen__C1_231OLCV1_100H0010,1.0040160924873476e-09,1.0040160924873476e-09,0.0,,,
PolypGen__C5_EndoCV2021_C5_50000125,1.007049332812926e-09,1.007049332812926e-09,0.0,,,
PolypGen__C3_C3_EndoCV2021_00402,1.0141987250023021e-09,1.0141987250023021e-09,0.0,,,
PolypGen__C1_273OLCV1_100H0002,1.034126118071299e-09,1.034126118071299e-09,0.0,,,
PolypGen__C2_EndoCV2021_001379,1.0482180679005637e-09,1.0482180679005637e-09,0.0,,,
PolypGen__C5_EndoCV2021_C5_50000224,1.0504201952699077e-09,1.0504201952699077e-09,0.0,,,
PolypGen__C3_C3_EndoCV2021_00499,1.0570824215960783e-09,1.0570824215960783e-09,0.0,,,
PolypGen__C3_C3_EndoCV2021_00307,1.0582010823156907e-09,1.0582010823156907e-09,0.0,,,
PolypGen__C2_EndoCV2021_001160,1.0787486459662432e-09,1.0787486459662432e-09,0.0,,,
PolypGen__C4_27_endocv2021_positive_975,1.0787486459662432e-09,1.0787486459662432e-09,0.0,,,
PolypGen__C2_EndoCV2021_001054,1.0810811135186782e-09,1.0810811135186782e-09,0.0,,,
PolypGen__C5_EndoCV2021_C5_50000110,1.0952903028993433e-09,1.0952903028993433e-09,0.0,,,
PolypGen__C3_C3_EndoCV2021_00216,1.0964912311450803e-09,1.0964912311450803e-09,0.0,,,
PolypGen__C2_EndoCV2021_001384,1.1111110920225542e-09,1.1111110920225542e-09,0.0,,,
PolypGen__C3_C3_EndoCV2021_00401,1.1111110920225542e-09,1.1111110920225542e-09,0.0,,,
PolypGen__C6_EndoCV2021_C6_0100047,1.1135857791444437e-09,1.1135857791444437e-09,0.0,,,
PolypGen__C4_19_endocv2021_positive_1410,1.1481056105822063e-09,1.1481056105822063e-09,0.0,,,
PolypGen__C5_EndoCV2021_C5_50000228,1.1520737697168215e-09,1.1520737697168215e-09,0.0,,,
PolypGen__C2_EndoCV2021_001352,1.1574073921494232e-09,1.1574073921494232e-09,0.0,,,
PolypGen__C5_EndoCV2021_C5_50000113,1.1627906415512257e-09,1.1627906415512257e-09,0.0,,,
PolypGen__C5_EndoCV2021_C5_50000010,1.1668611632487114e-09,1.1668611632487114e-09,0.0,,,
PolypGen__C3_C3_EndoCV2021_00320,1.1723328974255764e-09,1.1723328974255764e-09,0.0,,,
PolypGen__C3_C3_EndoCV2021_00185,1.1778562569730866e-09,1.1778562569730866e-09,0.0,,,
PolypGen__C3_C3_EndoCV2021_00278,1.2048192443714356e-09,1.2048192443714356e-09,0.0,,,
PolypGen__C2_EndoCV2021_001426,1.2180267905392839e-09,1.2180267905392839e-09,0.0,,,
PolypGen__C5_EndoCV2021_C5_50000066,1.2180267905392839e-09,1.2180267905392839e-09,0.0,,,
PolypGen__C5_EndoCV2021_C5_50000011,1.2210011890445571e-09,1.2210011890445571e-09,0.0,,,
PolypGen__C3_C3_EndoCV2021_00219,1.233045665571808e-09,1.233045665571808e-09,0.0,,,
PolypGen__C2_EndoCV2021_001353,1.2360938939082189e-09,1.2360938939082189e-09,0.0,,,
PolypGen__C5_EndoCV2021_C5_50000276,1.2578615926628345e-09,1.2578615926628345e-09,0.0,,,
PolypGen__C5_EndoCV2021_C5_50000232,1.2690355433164768e-09,1.2690355433164768e-09,0.0,,,
PolypGen__C4_16_endocv2021_positive_711,1.2870012833232636e-09,1.2870012833232636e-09,0.0,,,
PolypGen__C3_C3_EndoCV2021_0044,1.288659845499751e-09,1.288659845499751e-09,0.0,,,
PolypGen__C1_503OLCV1_100H0014,1.3140604160355451e-09,1.3140604160355451e-09,0.0,,,
PolypGen__C4_10_endocv2021_positive_499,1.3245032848274718e-09,1.3245032848274718e-09,0.0,,,
PolypGen__C5_EndoCV2021_C5_50000270,1.3245032848274718e-09,1.3245032848274718e-09,0.0,,,
PolypGen__C3_C3_EndoCV2021_0043,1.3351134642292095e-09,1.3351134642292095e-09,0.0,,,
PolypGen__C2_EndoCV2021_001369,1.3368983697858994e-09,1.3368983697858994e-09,0.0,,,
PolypGen__C4_18_endocv2021_positive_908,1.3386880493015951e-09,1.3386880493015951e-09,0.0,,,
PolypGen__C3_C3_EndoCV2021_00160,1.3495277118025228e-09,1.3495277118025228e-09,0.0,,,
PolypGen__C2_EndoCV2021_001142,1.3513513641427721e-09,1.3513513641427721e-09,0.0,,,
PolypGen__C2_EndoCV2021_001375,1.35685207514058e-09,1.35685207514058e-09,0.0,,,
PolypGen__C6_EndoCV2021_C6_0100059,1.3605442328312733e-09,1.3605442328312733e-09,0.0,,,
PolypGen__C3_C3_EndoCV2021_00413,1.3986013458477942e-09,1.3986013458477942e-09,0.0,,,
PolypGen__C3_C3_EndoCV2021_00366,1.4124293956641054e-09,1.4124293956641054e-09,0.0,,,
PolypGen__C5_EndoCV2021_C5_50000277,1.424501405722367e-09,1.424501405722367e-09,0.0,,,
PolypGen__C4_28_endocv2021_positive_545,1.4684288229815934e-09,1.4684288229815934e-09,0.0,,,
PolypGen__C2_EndoCV2021_001357,1.4771048828521316e-09,1.4771048828521316e-09,0.0,,,
PolypGen__C6_EndoCV2021_C6_0100030,1.4925373159613287e-09,1.4925373159613287e-09,0.0,,,
PolypGen__C3_C3_EndoCV2021_00345,1.494768309129313e-09,1.494768309129313e-09,0.0,,,
PolypGen__C5_EndoCV2021_C5_50000123,1.5128592822932774e-09,1.5128592822932774e-09,0.0,,,
PolypGen__C2_EndoCV2021_001356,1.522070025572475e-09,1.522070025572475e-09,0.0,,,
PolypGen__C5_EndoCV2021_C5_50000111,1.5455950963527698e-09,1.5455950963527698e-09,0.0,,,
PolypGen__C2_EndoCV2021_001188,1.5576323564303607e-09,1.5576323564303607e-09,0.0,,,
PolypGen__C2_EndoCV2021_001268,1.5772870787245097e-09,1.5772870787245097e-09,0.0,,,
PolypGen__C2_EndoCV2021_001163,1.587301623473536e-09,1.587301623473536e-09,0.0,,,
PolypGen__C4_27_endocv2021_positive_289,1.587301623473536e-09,1.587301623473536e-09,0.0,,,
PolypGen__C6_EndoCV2021_C6_0100042,1.587301623473536e-09,1.587301623473536e-09,0.0,,,
PolypGen__C3_C3_EndoCV2021_00190,1.6103059996552815e-09,1.6103059996552815e-09,0.0,,,
PolypGen__C2_EndoCV2021_001033,1.6233766553241935e-09,1.6233766553241935e-09,0.0,,,
PolypGen__C2_EndoCV2021_001040,1.650165004640769e-09,1.650165004640769e-09,0.0,,,
PolypGen__C1_176OLCV1_100H0470,1.7574692812161175e-09,1.7574692812161175e-09,0.0,,,
PolypGen__C5_EndoCV2021_C5_50000049,1.7825312337294008e-09,1.7825312337294008e-09,0.0,,,
PolypGen__C2_EndoCV2021_001166,1.82815351745802e-09,1.82815351745802e-09,0.0,,,
PolypGen__C2_EndoCV2021_001383,1.8416206337690255e-09,1.8416206337690255e-09,0.0,,,
PolypGen__C6_EndoCV2021_C6_0100067,1.8416206337690255e-09,1.8416206337690255e-09,0.0,,,
PolypGen__C1_144OLCV1_100H0024,1.8587360539612519e-09,1.8587360539612519e-09,0.0,,,
PolypGen__C2_EndoCV2021_001359,1.8621973962851257e-09,1.8621973962851257e-09,0.0,,,
PolypGen__C2_EndoCV2021_001035,1.883239120203939e-09,1.883239120203939e-09,0.0,,,
PolypGen__C3_C3_EndoCV2021_0038,1.893939449715276e-09,1.893939449715276e-09,0.0,,,
PolypGen__C1_642OLCV1_100H0012,1.9011405782976e-09,1.9011405782976e-09,0.0,,,
PolypGen__C2_EndoCV2021_001057,1.9157087027821262e-09,1.9157087027821262e-09,0.0,,,
PolypGen__C6_EndoCV2021_C6_0100123,1.9379844395928103e-09,1.9379844395928103e-09,0.0,,,
PolypGen__C5_EndoCV2021_C5_50000268,1.9455252964206693e-09,1.9455252964206693e-09,0.0,,,
PolypGen__C3_C3_EndoCV2021_0060,1.9607842016711174e-09,1.9607842016711174e-09,0.0,,,
PolypGen__C1_278OLCV1_100H0012,1.976284469407119e-09,1.976284469407119e-09,0.0,,,
PolypGen__C3_C3_EndoCV2021_00265,1.9801980055689228e-09,1.9801980055689228e-09,0.0,,,
PolypGen__C3_C3_EndoCV2021_00110,2.012072508605911e-09,2.012072508605911e-09,0.0,,,
PolypGen__C5_EndoCV2021_C5_50000302,2.012072508605911e-09,2.012072508605911e-09,0.0,,,
PolypGen__C3_C3_EndoCV2021_00384,2.0408164047580613e-09,2.0408164047580613e-09,0.0,,,
PolypGen__C1_848OLCV1_100H0002,2.05761319094222e-09,2.05761319094222e-09,0.0,,,
PolypGen__C3_C3_EndoCV2021_0055,2.07039341226789e-09,2.07039341226789e-09,0.0,,,
PolypGen__C4_27_endocv2021_positive_1257,2.0790020816008337e-09,2.0790020816008337e-09,0.0,,,
PolypGen__C3_C3_EndoCV2021_00321,2.1097046332130276e-09,2.1097046332130276e-09,0.0,,,
PolypGen__C3_C3_EndoCV2021_00416,2.1186441490073094e-09,2.1186441490073094e-09,0.0,,,
PolypGen__C2_EndoCV2021_001053,2.1276596040564755e-09,2.1276596040564755e-09,0.0,,,
PolypGen__C3_C3_EndoCV2021_00332,2.1276596040564755e-09,2.1276596040564755e-09,0.0,,,
PolypGen__C2_EndoCV2021_001224,2.178649260997645e-09,2.178649260997645e-09,0.0,,,
PolypGen__C3_C3_EndoCV2021_0024,2.1929824622901606e-09,2.1929824622901606e-09,0.0,,,
PolypGen__C3_C3_EndoCV2021_0086,2.1978021624846633e-09,2.1978021624846633e-09,0.0,,,
PolypGen__C5_EndoCV2021_C5_50000108,2.1978021624846633e-09,2.1978021624846633e-09,0.0,,,
PolypGen__C3_C3_EndoCV2021_00375,2.2727273396583314e-09,2.2727273396583314e-09,0.0,,,
PolypGen__C4_19_endocv2021_positive_1496,2.3148147842988465e-09,2.3148147842988465e-09,0.0,,,
PolypGen__C2_EndoCV2021_001213,2.3696682394103163e-09,2.3696682394103163e-09,0.0,,,
PolypGen__C5_EndoCV2021_C5_50000278,2.375296848100561e-09,2.375296848100561e-09,0.0,,,
PolypGen__C5_EndoCV2021_C5_50000057,2.427184453424047e-09,2.427184453424047e-09,0.0,,,
PolypGen__C2_EndoCV2021_001078,2.4390243158478597e-09,2.4390243158478597e-09,0.0,,,
PolypGen__C3_C3_EndoCV2021_00415,2.604166660091778e-09,2.604166660091778e-09,0.0,,,
PolypGen__C2_EndoCV2021_001064,2.6315789547481927e-09,2.6315789547481927e-09,0.0,,,
PolypGen__C4_30_endocv2021_positive_876,2.739726001621534e-09,2.739726001621534e-09,0.0,,,
PolypGen__C2_EndoCV2021_001358,2.8409090635506118e-09,2.8409090635506118e-09,0.0,,,
PolypGen__C3_C3_EndoCV2021_00434,2.8409090635506118e-09,2.8409090635506118e-09,0.0,,,
PolypGen__C3_C3_EndoCV2021_00281,2.881844318736171e-09,2.881844318736171e-09,0.0,,,
PolypGen__C2_EndoCV2021_001177,2.915451879914599e-09,2.915451879914599e-09,0.0,,,
PolypGen__C3_C3_EndoCV2021_002,2.9850746319226573e-09,2.9850746319226573e-09,0.0,,,
PolypGen__C1_471OLCV1_100H0008,3.003002957413514e-09,3.003002957413514e-09,0.0,,,
PolypGen__C2_EndoCV2021_001141,3.0120481664397403e-09,3.0120481664397403e-09,0.0,,,
PolypGen__C3_C3_EndoCV2021_00331,3.0120481664397403e-09,3.0120481664397403e-09,0.0,,,
PolypGen__C5_EndoCV2021_C5_50000115,3.1545741574490194e-09,3.1545741574490194e-09,0.0,,,
PolypGen__C2_EndoCV2021_001144,3.205128162875326e-09,3.205128162875326e-09,0.0,,,
PolypGen__C5_EndoCV2021_C5_50000120,3.205128162875326e-09,3.205128162875326e-09,0.0,,,
PolypGen__C5_EndoCV2021_C5_50000139,3.205128162875326e-09,3.205128162875326e-09,0.0,,,
PolypGen__C2_EndoCV2021_001104,3.5211267235268906e-09,3.5211267235268906e-09,0.0,,,
PolypGen__C1_201OLCV1_100H0018,3.5971223777409023e-09,3.5971223777409023e-09,0.0,,,
PolypGen__C1_427OLCV1_100H0022,3.5971223777409023e-09,3.5971223777409023e-09,0.0,,,
PolypGen__C5_EndoCV2021_C5_50000100,3.676470683444677e-09,3.676470683444677e-09,0.0,,,
PolypGen__C5_EndoCV2021_C5_50000127,3.6900369426717816e-09,3.6900369426717816e-09,0.0,,,
PolypGen__C3_C3_EndoCV2021_00397,3.7037037881049173e-09,3.7037037881049173e-09,0.0,,,
PolypGen__C3_C3_EndoCV2021_00441,3.7313432343921704e-09,3.7313432343921704e-09,0.0,,,
PolypGen__C3_C3_EndoCV2021_0081,3.759398570224448e-09,3.759398570224448e-09,0.0,,,
PolypGen__C5_EndoCV2021_C5_50000306,3.8314174055642525e-09,3.8314174055642525e-09,0.0,,,
PolypGen__C4_16_endocv2021_positive_1054,3.846153617814707e-09,3.846153617814707e-09,0.0,,,
PolypGen__C5_EndoCV2021_C5_50000129,3.906249990137667e-09,3.906249990137667e-09,0.0,,,
PolypGen__C1_940OLCV1_100H0004,3.999999886872274e-09,3.999999886872274e-09,0.0,,,
PolypGen__C5_EndoCV2021_C5_50000112,4.048582802340661e-09,4.048582802340661e-09,0.0,,,
PolypGen__C5_EndoCV2021_C5_50000122,4.166666567329003e-09,4.166666567329003e-09,0.0,,,
PolypGen__C1_430OLCV1_100H0002,4.347826099149188e-09,4.347826099149188e-09,0.0,,,
PolypGen__C2_EndoCV2021_001241,4.347826099149188e-09,4.347826099149188e-09,0.0,,,
PolypGen__C1_430OLCV1_100S0001,4.545454679316663e-09,4.545454679316663e-09,0.0,,,
PolypGen__C3_C3_EndoCV2021_00440,4.566210076717425e-09,4.566210076717425e-09,0.0,,,
PolypGen__C2_EndoCV2021_001165,4.7169810279967805e-09,4.7169810279967805e-09,0.0,,,
PolypGen__C3_C3_EndoCV2021_00166,4.739336478820633e-09,4.739336478820633e-09,0.0,,,
PolypGen__C5_EndoCV2021_C5_50000101,4.761904648376003e-09,4.761904648376003e-09,0.0,,,
PolypGen__C5_EndoCV2021_C5_50000103,4.807692466357594e-09,4.807692466357594e-09,0.0,,,
PolypGen__C2_EndoCV2021_001000,4.830917887943542e-09,4.830917887943542e-09,0.0,,,
PolypGen__C2_EndoCV2021_001202,4.9504951249446094e-09,4.9504951249446094e-09,0.0,,,
PolypGen__C3_C3_EndoCV2021_00280,4.975124312522894e-09,4.975124312522894e-09,0.0,,,
PolypGen__C3_C3_EndoCV2021_00395,5.102041011895153e-09,5.102041011895153e-09,0.0,,,
PolypGen__C2_EndoCV2021_001360,5.319149121163491e-09,5.319149121163491e-09,0.0,,,
PolypGen__C2_EndoCV2021_001252,5.43478240189188e-09,5.43478240189188e-09,0.0,,,
PolypGen__C5_EndoCV2021_C5_50000138,5.649717582656422e-09,5.649717582656422e-09,0.0,,,
PolypGen__C3_C3_EndoCV2021_00167,5.6818181271012236e-09,5.6818181271012236e-09,0.0,,,
PolypGen__C3_C3_EndoCV2021_004,5.9171596511475855e-09,5.9171596511475855e-09,0.0,,,
PolypGen__C4_22_endocv2021_positive_982,6.211180014759066e-09,6.211180014759066e-09,0.0,,,
PolypGen__C2_EndoCV2021_001329,6.4516130215963585e-09,6.4516130215963585e-09,0.0,,,
PolypGen__C2_EndoCV2021_001245,6.849314893031533e-09,6.849314893031533e-09,0.0,,,
PolypGen__C1_564OLCV1_100H0002,7.462686468784341e-09,7.462686468784341e-09,0.0,,,
PolypGen__C5_EndoCV2021_C5_50000203,8.064516165973146e-09,8.064516165973146e-09,0.0,,,
PolypGen__C2_EndoCV2021_001206,8.333333134658005e-09,8.333333134658005e-09,0.0,,,
PolypGen__C5_EndoCV2021_C5_50000102,8.849557531220853e-09,8.849557531220853e-09,0.0,,,
PolypGen__C4_6_endocv2021_positive_1007,1.0752688517357e-08,1.0752688517357e-08,0.0,,,
PolypGen__C5_EndoCV2021_C5_50000121,1.0989010590378712e-08,1.0989010590378712e-08,0.0,,,
PolypGen__C5_EndoCV2021_C5_50000109,1.1904761620940008e-08,1.1904761620940008e-08,0.0,,,
PolypGen__C4_26_endocv2021_positive_684,1.2345679145653321e-08,1.2345679145653321e-08,0.0,,,
PolypGen__C2_EndoCV2021_001184,1.2500000146076218e-08,1.2500000146076218e-08,0.0,,,
PolypGen__C4_19_endocv2021_positive_688,1.2820512651501303e-08,1.2820512651501303e-08,0.0,,,
PolypGen__C4_30_endocv2021_positive_1417,1.3888889149882289e-08,1.3888889149882289e-08,0.0,,,
PolypGen__C4_13_endocv2021_positive_550,1.4084506894107562e-08,1.4084506894107562e-08,0.0,,,
PolypGen__C4_13_endocv2021_positive_573,1.4285713945128009e-08,1.4285713945128009e-08,0.0,,,
PolypGen__C4_19_endocv2021_positive_845,1.639344304749102e-08,1.639344304749102e-08,0.0,,,
PolypGen__C1_431OLCV1_100S0007,1.666666626931601e-08,1.666666626931601e-08,0.0,,,
PolypGen__C4_6_endocv2021_positive_503,1.666666626931601e-08,1.666666626931601e-08,0.0,,,
PolypGen__C4_30_endocv2021_positive_1057,2.1276596484653965e-08,2.1276596484653965e-08,0.0,,,
PolypGen__C4_30_endocv2021_positive_898,2.2222222284540294e-08,2.2222222284540294e-08,0.0,,,
PolypGen__C4_30_endocv2021_positive_1459,2.3809523241880015e-08,2.3809523241880015e-08,0.0,,,
PolypGen__C4_29_endocv2021_positive_323,4.545454146409611e-08,4.545454146409611e-08,0.0,,,
PolypGen__C4_29_endocv2021_positive_254,4.761904293104635e-08,4.761904293104635e-08,0.0,,,
PolypGen__C6_EndoCV2021_C6_0100070,5.55555494941018e-08,5.55555494941018e-08,0.0,,,
PolypGen__C4_27_endocv2021_positive_216,6.249999273677531e-08,6.249999273677531e-08,0.0,,,
PolypGen__C4_27_endocv2021_positive_27,6.249999273677531e-08,6.249999273677531e-08,0.0,,,
PolypGen__C6_EndoCV2021_C6_0100056,7.142856617292637e-08,7.142856617292637e-08,0.0,,,
PolypGen__C4_13_endocv2021_positive_464,7.692307235629414e-08,7.692307235629414e-08,0.0,,,
PolypGen__C4_13_endocv2021_positive_222,8.333332601750953e-08,8.333332601750953e-08,0.0,,,
PolypGen__C4_6_endocv2021_positive_1308,8.333332601750953e-08,8.333332601750953e-08,0.0,,,
PolypGen__C3_C3_EndoCV2021_00453,9.999998695775503e-08,9.999998695775503e-08,0.0,,,
PolypGen__C6_EndoCV2021_C6_0100088,1.111110989882036e-07,1.111110989882036e-07,0.0,,,
PolypGen__C4_9_endocv2021_positive_650,0.00018053808889817446,0.00018053808889817446,0.0,,,
PolypGen__C2_EndoCV2021_001336,0.00018093005928676575,0.00018093005928676575,0.0,,,
PolypGen__C4_14_endocv2021_positive_1119,0.00018173566786572337,0.00018173566786572337,0.0,,,
PolypGen__C2_EndoCV2021_001280,0.00019149760191794485,0.00019149760191794485,0.0,,,
PolypGen__C1_234OLCV1_100H0024,0.00027092936215922236,0.00027092936215922236,0.0,,,
PolypGen__C2_EndoCV2021_001324,0.000309741502860561,0.000309741502860561,0.0,,,
PolypGen__C3_C3_EndoCV2021_00372,0.00031776310061104596,0.00031776310061104596,0.0,,,
PolypGen__C2_EndoCV2021_001042,0.0003859887074213475,0.0003859887074213475,0.0,,,
PolypGen__C3_C3_EndoCV2021_00303,0.00041262642480432987,0.00041262642480432987,0.0,,,
PolypGen__C2_EndoCV2021_001325,0.0004954583710059524,0.0004954583710059524,0.0,,,
PolypGen__C3_C3_EndoCV2021_00146,0.0006013232050463557,0.0006013232050463557,0.0,,,
PolypGen__C3_C3_EndoCV2021_00406,0.0006337138474918902,0.0006337138474918902,0.0,,,
PolypGen__C5_EndoCV2021_C5_50000231,0.0006889899959787726,0.0006889899959787726,0.0,,,
PolypGen__C1_413OLCV1_100S0019,0.0007043081568554044,0.0007043081568554044,0.0,,,
PolypGen__C2_EndoCV2021_001126,0.0007754944963380694,0.0007754944963380694,0.0,,,
PolypGen__C3_C3_EndoCV2021_00393,0.0009249981376342475,0.0009249981376342475,0.0,,,
PolypGen__C1_906OLCV1_100H0010,0.0009289368172176182,0.0009289368172176182,0.0,,,
PolypGen__C2_EndoCV2021_001284,0.0009304923005402088,0.0009304923005402088,0.0,,,
PolypGen__C3_C3_EndoCV2021_00394,0.0009695403277873993,0.0009695403277873993,0.0,,,
PolypGen__C3_C3_EndoCV2021_00197,0.0014749269466847181,0.0014749269466847181,0.0,,,
PolypGen__C3_C3_EndoCV2021_00233,0.0014856834895908833,0.0014856834895908833,0.0,,,
PolypGen__C5_EndoCV2021_C5_50000152,0.00153087277431041,0.00153087277431041,0.0,,,
PolypGen__C2_EndoCV2021_001387,0.001718213316053152,0.001718213316053152,0.0,,,
PolypGen__C3_C3_EndoCV2021_00264,0.0019550344441086054,0.0019550344441086054,0.0,,,
PolypGen__C2_EndoCV2021_001362,0.002040816703811288,0.002040816703811288,0.0,,,
PolypGen__C1_376OLCV1_100H0010,0.002348902402445674,0.002348902402445674,0.0,,,
PolypGen__C2_EndoCV2021_001312,0.0025380721781402826,0.0025380721781402826,0.0,,,
PolypGen__C5_EndoCV2021_C5_50000208,0.0026358631439507008,0.0026358631439507008,0.0,,,
PolypGen__C4_26_endocv2021_positive_1093,0.002698145341128111,0.002698145341128111,0.0,,,
PolypGen__C2_EndoCV2021_001417,0.002846107119694352,0.002846107119694352,0.0,,,
PolypGen__C2_EndoCV2021_001292,0.0029232646338641644,0.0029232646338641644,0.0,,,
PolypGen__C3_C3_EndoCV2021_00466,0.0032793604768812656,0.0032793604768812656,0.0,,,
PolypGen__C1_100S0003,0.0035682430025190115,0.0035682430025190115,0.0,,,
PolypGen__C5_EndoCV2021_C5_50000340,0.003585147438570857,0.003585147438570857,0.0,,,
PolypGen__C3_C3_EndoCV2021_00182,0.003674669424071908,0.003674669424071908,0.0,,,
PolypGen__C2_EndoCV2021_001079,0.003756750375032425,0.003756750375032425,0.0,,,
PolypGen__C3_C3_EndoCV2021_00444,0.0037986712995916605,0.0037986712995916605,0.0,,,
PolypGen__C2_EndoCV2021_001036,0.003930280450731516,0.003930280450731516,0.0,,,
PolypGen__C2_EndoCV2021_001039,0.004043126478791237,0.004043126478791237,0.0,,,
PolypGen__C6_EndoCV2021_C6_0100101,0.004174319561570883,0.004174319561570883,0.0,,,
PolypGen__C5_EndoCV2021_C5_50000230,0.0041764117777347565,0.0041764117777347565,0.0,,,
PolypGen__C2_EndoCV2021_001127,0.004421518184244633,0.004421518184244633,0.0,,,
PolypGen__C6_EndoCV2021_C6_0100025,0.004814636893570423,0.004814636893570423,0.0,,,
PolypGen__C5_EndoCV2021_C5_50000297,0.004928806331008673,0.004928806331008673,0.0,,,
PolypGen__C3_C3_EndoCV2021_00342,0.005038841161876917,0.005038841161876917,0.0,,,
PolypGen__C6_EndoCV2021_C6_0100103,0.005701957270503044,0.005701957270503044,0.0,,,
PolypGen__C4_22_endocv2021_positive_625,0.005933000706136227,0.005933000706136227,0.0,,,
PolypGen__C5_EndoCV2021_C5_50000065,0.006201132200658321,0.006201132200658321,0.0,,,
PolypGen__C2_EndoCV2021_001049,0.00623001903295517,0.00623001903295517,0.0,,,
PolypGen__C3_C3_EndoCV2021_00411,0.00626272102817893,0.00626272102817893,0.0,,,
PolypGen__C4_24_endocv2021_positive_1415,0.00626377435401082,0.00626377435401082,0.0,,,
PolypGen__C3_C3_EndoCV2021_00211,0.006536918692290783,0.006536918692290783,0.0,,,
PolypGen__C5_EndoCV2021_C5_50000172,0.0066115702502429485,0.0066115702502429485,0.0,,,
PolypGen__C3_C3_EndoCV2021_00120,0.006625980604439974,0.006625980604439974,0.0,,,
PolypGen__C3_C3_EndoCV2021_00390,0.006722094491124153,0.006722094491124153,0.0,,,
PolypGen__C2_EndoCV2021_001281,0.007247197441756725,0.007247197441756725,0.0,,,
PolypGen__C1_176OLCV1_100H0889,0.0075966850854456425,0.0075966850854456425,0.0,,,
PolypGen__C5_EndoCV2021_C5_50000264,0.007616046350449324,0.007616046350449324,0.0,,,
PolypGen__C5_EndoCV2021_C5_50000036,0.007674597669392824,0.007674597669392824,0.0,,,
PolypGen__C3_C3_EndoCV2021_00147,0.008089113049209118,0.008089113049209118,0.0,,,
PolypGen__C6_EndoCV2021_C6_0100114,0.008219178766012192,0.008219178766012192,0.0,,,
PolypGen__C2_EndoCV2021_001406,0.008602152578532696,0.008602152578532696,0.0,,,
PolypGen__C5_EndoCV2021_C5_50000188,0.008756567724049091,0.008756567724049091,0.0,,,
PolypGen__C1_195OLCV1_100H0012,0.00896328967064619,0.00896328967064619,0.0,,,
PolypGen__C1_176OLCV1_100H0089,0.009158707223832607,0.009158707223832607,0.0,,,
PolypGen__C2_EndoCV2021_001397,0.009248554706573486,0.009248554706573486,0.0,,,
PolypGen__C3_C3_EndoCV2021_00478,0.009483355097472668,0.009483355097472668,0.0,,,
PolypGen__C4_24_endocv2021_positive_1349,0.009840547107160091,0.009840547107160091,0.0,,,
PolypGen__C2_EndoCV2021_001424,0.00995334330946207,0.00995334330946207,0.0,,,
PolypGen__C3_C3_EndoCV2021_00247,0.01053864136338234,0.01053864136338234,0.0,,,
PolypGen__C5_EndoCV2021_C5_50000186,0.01064380258321762,0.01064380258321762,0.0,,,
PolypGen__C2_EndoCV2021_001335,0.010688217356801033,0.010688217356801033,0.0,,,
PolypGen__C2_EndoCV2021_001389,0.010701635852456093,0.010701635852456093,0.0,,,
PolypGen__C6_EndoCV2021_C6_0100040,0.010749385692179203,0.010749385692179203,0.0,,,
PolypGen__C1_177OLCV1_100H0014,0.010779877193272114,0.010779877193272114,0.0,,,
PolypGen__C6_EndoCV2021_C6_0100043,0.010848644189536572,0.010848644189536572,0.0,,,
PolypGen__C2_EndoCV2021_001394,0.010866401717066765,0.010866401717066765,0.0,,,
PolypGen__C1_206OLCV1_100H0002,0.010960333980619907,0.010960333980619907,0.0,,,
PolypGen__C4_5_endocv2021_positive_970,0.011073310859501362,0.011073310859501362,0.0,,,
PolypGen__C5_EndoCV2021_C5_50000267,0.0121487220749259,0.0121487220749259,0.0,,,
PolypGen__C1_133OLCV1_100H0013,0.012667338363826275,0.012667338363826275,0.0,,,
PolypGen__C2_EndoCV2021_001137,0.012773430906236172,0.012773430906236172,0.0,,,
PolypGen__C1_234OLCV1_100H0020,0.01278221607208252,0.01278221607208252,0.0,,,
PolypGen__C3_C3_EndoCV2021_0067,0.012885724194347858,0.012885724194347858,0.0,,,
PolypGen__C1_175OLCV1_100H0099,0.013368983753025532,0.013368983753025532,0.0,,,
PolypGen__C3_C3_EndoCV2021_0029,0.013415616005659103,0.013415616005659103,0.0,,,
PolypGen__C3_C3_EndoCV2021_00240,0.013861521147191525,0.013861521147191525,0.0,,,
PolypGen__C4_20_endocv2021_positive_708,0.014081532135605812,0.014081532135605812,0.0,,,
PolypGen__C6_EndoCV2021_C6_0100039,0.014487981796264648,0.014487981796264648,0.0,,,
PolypGen__C3_C3_EndoCV2021_0040,0.014559893868863583,0.014559893868863583,0.0,,,
PolypGen__C1_187OLCV1_100H0079,0.014587332494556904,0.014587332494556904,0.0,,,
PolypGen__C2_EndoCV2021_001044,0.014758269302546978,0.014758269302546978,0.0,,,
PolypGen__C5_EndoCV2021_C5_50000269,0.015160744078457355,0.015160744078457355,0.0,,,
PolypGen__C2_EndoCV2021_001403,0.015233347192406654,0.015233347192406654,0.0,,,
PolypGen__C3_C3_EndoCV2021_00311,0.015305095352232456,0.015305095352232456,0.0,,,
PolypGen__C6_EndoCV2021_C6_0100090,0.015597484074532986,0.015597484074532986,0.0,,,
PolypGen__C2_EndoCV2021_001075,0.01615559495985508,0.01615559495985508,0.0,,,
PolypGen__C2_EndoCV2021_001187,0.016412414610385895,0.016412414610385895,0.0,,,
PolypGen__C3_C3_EndoCV2021_00102,0.016443701460957527,0.016443701460957527,0.0,,,
PolypGen__C3_C3_EndoCV2021_00374,0.016897208988666534,0.016897208988666534,0.0,,,
PolypGen__C1_102OLCV1_100H0006,0.016904208809137344,0.016904208809137344,0.0,,,
PolypGen__C3_C3_EndoCV2021_00396,0.017094019800424576,0.017094019800424576,0.0,,,
PolypGen__C2_EndoCV2021_001321,0.017391305416822433,0.017391305416822433,0.0,,,
PolypGen__C1_896OLCV1_100H0044,0.017621146515011787,0.017621146515011787,0.0,,,
PolypGen__C1_350OLCV1_100H0002,0.017780248075723648,0.017780248075723648,0.0,,,
PolypGen__C3_C3_EndoCV2021_009,0.017992423847317696,0.017992423847317696,0.0,,,
PolypGen__C3_C3_EndoCV2021_00170,0.018024088814854622,0.018024088814854622,0.0,,,
PolypGen__C3_C3_EndoCV2021_0089,0.018760735169053078,0.018760735169053078,0.0,,,
PolypGen__C4_33_endocv2021_positive_376,0.019740449264645576,0.019740449264645576,0.0,,,
PolypGen__C2_EndoCV2021_001251,0.019860243424773216,0.019860243424773216,0.0,,,
PolypGen__C6_EndoCV2021_C6_0100041,0.020031629130244255,0.020031629130244255,0.0,,,
PolypGen__C3_C3_EndoCV2021_00121,0.02053050883114338,0.02053050883114338,0.0,,,
PolypGen__C3_C3_EndoCV2021_00409,0.020924879238009453,0.020924879238009453,0.0,,,
PolypGen__C4_12_endocv2021_positive_503,0.021194182336330414,0.021194182336330414,0.0,,,
PolypGen__C5_EndoCV2021_C5_50000207,0.0215025395154953,0.0215025395154953,0.0,,,
PolypGen__C2_EndoCV2021_001200,0.021594414487481117,0.021594414487481117,0.0,,,
PolypGen__C5_EndoCV2021_C5_50000219,0.02196918986737728,0.02196918986737728,0.0,,,
PolypGen__C4_16_endocv2021_positive_1498,0.02266782894730568,0.02266782894730568,0.0,,,
PolypGen__C3_C3_EndoCV2021_00465,0.02279057912528515,0.02279057912528515,0.0,,,
PolypGen__C2_EndoCV2021_001225,0.022796470671892166,0.022796470671892166,0.0,,,
PolypGen__C2_EndoCV2021_001274,0.022807829082012177,0.022807829082012177,0.0,,,
PolypGen__C5_EndoCV2021_C5_50000271,0.022897526621818542,0.022897526621818542,0.0,,,
PolypGen__C1_374OLCV1_100H0016,0.023196928203105927,0.023196928203105927,0.0,,,
PolypGen__C1_660OLCV1_100H0002,0.023433111608028412,0.023433111608028412,0.0,,,
PolypGen__C1_176OLCV1_100H0126,0.023740079253911972,0.023740079253911972,0.0,,,
PolypGen__C4_10_endocv2021_positive_950,0.023826507851481438,0.023826507851481438,0.0,,,
PolypGen__C1_544OLCV1_100H0002,0.024001149460673332,0.024001149460673332,0.0,,,
PolypGen__C4_34_endocv2021_positive_432,0.024096384644508362,0.024096384644508362,0.0,,,
PolypGen__C4_23_endocv2021_positive_1460,0.024225352331995964,0.024225352331995964,0.0,,,
PolypGen__C3_C3_EndoCV2021_00464,0.024308865889906883,0.024308865889906883,0.0,,,
PolypGen__C4_14_endocv2021_positive_1435,0.024326378479599953,0.024326378479599953,0.0,,,
PolypGen__C4_20_endocv2021_positive_782,0.024361709132790565,0.024361709132790565,0.0,,,
PolypGen__C3_C3_EndoCV2021_0039,0.024390242993831635,0.024390242993831635,0.0,,,
PolypGen__C5_EndoCV2021_C5_50000282,0.02465120330452919,0.02465120330452919,0.0,,,
PolypGen__C3_C3_EndoCV2021_00103,0.025074725970625877,0.025074725970625877,0.0,,,
PolypGen__C3_C3_EndoCV2021_00350,0.025125043466687202,0.025125043466687202,0.0,,,
PolypGen__C2_EndoCV2021_001309,0.025213200598955154,0.025213200598955154,0.0,,,
PolypGen__C3_C3_EndoCV2021_00404,0.02536674775183201,0.02536674775183201,0.0,,,
PolypGen__C3_C3_EndoCV2021_00231,0.02553817443549633,0.02553817443549633,0.0,,,
PolypGen__C3_C3_EndoCV2021_00346,0.025952281430363655,0.025952281430363655,0.0,,,
PolypGen__C2_EndoCV2021_001109,0.026325279846787453,0.026325279846787453,0.0,,,
PolypGen__C4_34_endocv2021_positive_638,0.026811840012669563,0.026811840012669563,0.0,,,
PolypGen__C4_21_endocv2021_positive_1498,0.026919174939393997,0.026919174939393997,0.0,,,
PolypGen__C1_476OLCV1_100S0007,0.026983821764588356,0.026983821764588356,0.0,,,
PolypGen__C3_C3_EndoCV2021_0030,0.028114017099142075,0.028114017099142075,0.0,,,
PolypGen__C1_434OLCV1_100S0007,0.028206197544932365,0.028206197544932365,0.0,,,
PolypGen__C5_EndoCV2021_C5_50000296,0.02874576300382614,0.02874576300382614,0.0,,,
PolypGen__C1_177OLCV1_100H0040,0.03012259118258953,0.03012259118258953,0.0,,,
PolypGen__C4_34_endocv2021_positive_1030,0.03026634454727173,0.03026634454727173,0.0,,,
PolypGen__C1_326OLCV1_100H0006,0.03063303604722023,0.03063303604722023,0.0,,,
PolypGen__C2_EndoCV2021_001008,0.030823426321148872,0.030823426321148872,0.0,,,
PolypGen__C1_975OLCV1_100H0014,0.031081344932317734,0.031081344932317734,0.0,,,
PolypGen__C3_C3_EndoCV2021_00495,0.03139831870794296,0.03139831870794296,0.0,,,
PolypGen__C5_EndoCV2021_C5_50000009,0.031584061682224274,0.031584061682224274,0.0,,,
PolypGen__C2_EndoCV2021_001349,0.03170955926179886,0.03170955926179886,0.0,,,
PolypGen__C4_28_endocv2021_positive_708,0.03278925269842148,0.03278925269842148,0.0,,,
PolypGen__C3_C3_EndoCV2021_0051,0.03286384791135788,0.03286384791135788,0.0,,,
PolypGen__C1_906OLCV1_100H0002,0.03327109292149544,0.03327109292149544,0.0,,,
PolypGen__C3_C3_EndoCV2021_00435,0.034330472350120544,0.034330472350120544,0.0,,,
PolypGen__C3_C3_EndoCV2021_00218,0.036128655076026917,0.036128655076026917,0.0,,,
PolypGen__C1_718OLCV1_100H0002,0.03663848340511322,0.03663848340511322,0.0,,,
PolypGen__C1_667OLCV1_100H0022,0.03705228492617607,0.03705228492617607,0.0,,,
PolypGen__C4_23_endocv2021_positive_1252,0.037152476608753204,0.037152476608753204,0.0,,,
PolypGen__C3_C3_EndoCV2021_00426,0.037680305540561676,0.037680305540561676,0.0,,,
PolypGen__C3_C3_EndoCV2021_00443,0.039603959769010544,0.039603959769010544,0.0,,,
PolypGen__C1_220OLCV1_100H0008,0.039739884436130524,0.039739884436130524,0.0,,,
PolypGen__C4_21_endocv2021_positive_1482,0.0400458425283432,0.0400458425283432,0.0,,,
PolypGen__C1_470OLCV1_100H0012,0.04025580734014511,0.04025580734014511,0.0,,,
PolypGen__C6_EndoCV2021_C6_0100061,0.04209021478891373,0.04209021478891373,0.0,,,
PolypGen__C1_597OLCV1_100H0044,0.04271206632256508,0.04271206632256508,0.0,,,
PolypGen__C3_C3_EndoCV2021_00243,0.0436374731361866,0.0436374731361866,0.0,,,
PolypGen__C4_11_endocv2021_positive_948,0.043986253440380096,0.043986253440380096,0.0,,,
PolypGen__C4_24_endocv2021_positive_1319,0.04523160681128502,0.04523160681128502,0.0,,,
PolypGen__C4_11_endocv2021_positive_968,0.045876644551754,0.045876644551754,0.0,,,
PolypGen__C4_15_endocv2021_positive_1416,0.04590804502367973,0.04590804502367973,0.0,,,
PolypGen__C5_EndoCV2021_C5_50000182,0.045966651290655136,0.045966651290655136,0.0,,,
PolypGen__C4_21_endocv2021_positive_1321,0.04632924124598503,0.04632924124598503,0.0,,,
PolypGen__C1_371OLCV1_100H0006,0.04683038219809532,0.04683038219809532,0.0,,,
PolypGen__C4_11_endocv2021_positive_976,0.04686308652162552,0.04686308652162552,0.0,,,
PolypGen__C4_21_endocv2021_positive_829,0.04689455404877663,0.04689455404877663,0.0,,,
PolypGen__C4_16_endocv2021_positive_498,0.04729542136192322,0.04729542136192322,0.0,,,
PolypGen__C3_C3_EndoCV2021_0033,0.04823998361825943,0.04823998361825943,0.0,,,
PolypGen__C5_EndoCV2021_C5_50000212,0.048298731446266174,0.048298731446266174,0.0,,,
PolypGen__C5_EndoCV2021_C5_50000003,0.04833404719829559,0.04833404719829559,0.0,,,
PolypGen__C1_925OLCV1_100H0006,0.048459310084581375,0.048459310084581375,0.0,,,
PolypGen__C5_EndoCV2021_C5_50000283,0.04942586272954941,0.04942586272954941,0.0,,,
PolypGen__C4_4_endocv2021_positive_954,0.05065979063510895,0.05065979063510895,0.0,,,
PolypGen__C2_EndoCV2021_001257,0.051900286227464676,0.051900286227464676,0.0,,,
PolypGen__C4_8_endocv2021_positive_1447,0.052513524889945984,0.052513524889945984,0.0,,,
PolypGen__C1_553OLCV1_100H0004,0.0528113879263401,0.0528113879263401,0.0,,,
PolypGen__C1_148OLCV1_100H0004,0.0535646453499794,0.0535646453499794,0.0,,,
PolypGen__C4_14_endocv2021_positive_949,0.05368434637784958,0.05368434637784958,0.0,,,
PolypGen__C1_656OLCV1_100H0012,0.05396290123462677,0.05396290123462677,0.0,,,
PolypGen__C1_667OLCV1_100H0024,0.05522080510854721,0.05522080510854721,0.0,,,
PolypGen__C3_C3_EndoCV2021_00287,0.056193627417087555,0.056193627417087555,0.0,,,
PolypGen__C3_C3_EndoCV2021_0028,0.05667383223772049,0.05667383223772049,0.0,,,
PolypGen__C4_25_endocv2021_positive_172,0.056934308260679245,0.056934308260679245,0.0,,,
PolypGen__C5_EndoCV2021_C5_50000140,0.0569872185587883,0.0569872185587883,0.0,,,
PolypGen__C4_10_endocv2021_positive_1087,0.05746602267026901,0.05746602267026901,0.0,,,
PolypGen__C4_9_endocv2021_positive_1269,0.05933519825339317,0.05933519825339317,0.0,,,
PolypGen__C4_11_endocv2021_positive_900,0.059587687253952026,0.059587687253952026,0.0,,,
PolypGen__C3_C3_EndoCV2021_00242,0.060765672475099564,0.060765672475099564,0.0,,,
PolypGen__C3_C3_EndoCV2021_00427,0.06185567006468773,0.06185567006468773,0.0,,,
PolypGen__C1_425OLCV1_100H0018,0.06200755760073662,0.06200755760073662,0.0,,,
PolypGen__C4_28_endocv2021_positive_1034,0.06205445155501366,0.06205445155501366,0.0,,,
PolypGen__C3_C3_EndoCV2021_0047,0.06263541430234909,0.06263541430234909,0.0,,,
PolypGen__C4_23_endocv2021_positive_1299,0.0630769208073616,0.0630769208073616,0.0,,,
PolypGen__C4_34_endocv2021_positive_300,0.06316124647855759,0.06316124647855759,0.0,,,
PolypGen__C4_9_endocv2021_positive_729,0.06338998675346375,0.06338998675346375,0.0,,,
PolypGen__C1_290OLCV1_100H0020,0.06364733725786209,0.06364733725786209,0.0,,,
PolypGen__C4_21_endocv2021_positive_939,0.06367472559213638,0.06367472559213638,0.0,,,
PolypGen__C3_C3_EndoCV2021_00178,0.06386418640613556,0.06386418640613556,0.0,,,
PolypGen__C5_EndoCV2021_C5_50000240,0.06648501008749008,0.06648501008749008,0.0,,,
PolypGen__C1_100H0050,0.06704387813806534,0.06704387813806534,0.0,,,
PolypGen__C1_370OLCV1_100H0010,0.06808071583509445,0.06808071583509445,0.0,,,
PolypGen__C1_124OLCV1_100H0004,0.06918960064649582,0.06918960064649582,0.0,,,
PolypGen__C1_333OLCV1_100H0016,0.06951596587896347,0.06951596587896347,0.0,,,
PolypGen__C3_C3_EndoCV2021_0059,0.06973058730363846,0.06973058730363846,0.0,,,
PolypGen__C4_28_endocv2021_positive_1135,0.06988765299320221,0.06988765299320221,0.0,,,
PolypGen__C4_12_endocv2021_positive_768,0.07051988691091537,0.07051988691091537,0.0,,,
PolypGen__C6_EndoCV2021_C6_0100109,0.07167861610651016,0.07167861610651016,0.0,,,
PolypGen__C6_EndoCV2021_C6_0100116,0.07408555597066879,0.07408555597066879,0.0,,,
PolypGen__C4_23_endocv2021_positive_269,0.07471074163913727,0.07471074163913727,0.0,,,
PolypGen__C1_363OLCV1_100H0002,0.075352743268013,0.075352743268013,0.0,,,
PolypGen__C2_EndoCV2021_001315,0.0774507224559784,0.0774507224559784,0.0,,,
PolypGen__C2_EndoCV2021_001247,0.08082706481218338,0.08082706481218338,0.0,,,
PolypGen__C3_C3_EndoCV2021_00286,0.08138539642095566,0.08138539642095566,0.0,,,
PolypGen__C5_EndoCV2021_C5_50000229,0.08370894938707352,0.08370894938707352,0.0,,,
PolypGen__C4_15_endocv2021_positive_962,0.0837317481637001,0.0837317481637001,0.0,,,
PolypGen__C1_205OLCV1_100H0004,0.08401137590408325,0.08401137590408325,0.0,,,
PolypGen__C5_EndoCV2021_C5_50000307,0.08490315824747086,0.08490315824747086,0.0,,,
PolypGen__C1_732OLCV1_100H0012,0.08579088747501373,0.08579088747501373,0.0,,,
PolypGen__C3_C3_EndoCV2021_00212,0.08581501990556717,0.08581501990556717,0.0,,,
PolypGen__C6_EndoCV2021_C6_0100049,0.08663874864578247,0.08663874864578247,0.0,,,
PolypGen__C5_EndoCV2021_C5_50000359,0.08705508708953857,0.08705508708953857,0.0,,,
PolypGen__C5_EndoCV2021_C5_50000026,0.08716859668493271,0.08716859668493271,0.0,,,
PolypGen__C4_11_endocv2021_positive_861,0.08753469586372375,0.08753469586372375,0.0,,,
PolypGen__C4_4_endocv2021_positive_1382,0.0884820744395256,0.0884820744395256,0.0,,,
PolypGen__C3_C3_EndoCV2021_00383,0.08884073793888092,0.08884073793888092,0.0,,,
PolypGen__C1_171OLCV1_100H0002,0.08939994126558304,0.08939994126558304,0.0,,,
PolypGen__C1_127OLCV1_100H0001,0.08969594538211823,0.08969594538211823,0.0,,,
PolypGen__C2_EndoCV2021_001393,0.09090909361839294,0.09090909361839294,0.0,,,
PolypGen__C3_C3_EndoCV2021_0058,0.09107806533575058,0.09107806533575058,0.0,,,
PolypGen__C4_12_endocv2021_positive_979,0.09109937399625778,0.09109937399625778,0.0,,,
PolypGen__C3_C3_EndoCV2021_00340,0.09143722802400589,0.09143722802400589,0.0,,,
PolypGen__C5_EndoCV2021_C5_50000191,0.09196803718805313,0.09196803718805313,0.0,,,
PolypGen__C4_12_endocv2021_positive_895,0.09296610951423645,0.09296610951423645,0.0,,,
PolypGen__C2_EndoCV2021_001316,0.0937345027923584,0.0937345027923584,0.0,,,
PolypGen__C4_11_endocv2021_positive_625,0.0945357009768486,0.0945357009768486,0.0,,,
PolypGen__C1_732OLCV1_100H0016,0.09505295753479004,0.09505295753479004,0.0,,,
PolypGen__C3_C3_EndoCV2021_00288,0.09577066451311111,0.09577066451311111,0.0,,,
PolypGen__C2_EndoCV2021_001119,0.09610185772180557,0.09610185772180557,0.0,,,
PolypGen__C3_C3_EndoCV2021_00155,0.09724746644496918,0.09724746644496918,0.0,,,
PolypGen__C4_4_endocv2021_positive_34,0.09989670664072037,0.09989670664072037,0.0,,,
PolypGen__C4_23_endocv2021_positive_1047,0.10043597966432571,0.10043597966432571,0.0,,,
PolypGen__C1_176OLCV1_100H0846,0.10265354067087173,0.10265354067087173,0.0,,,
PolypGen__C2_EndoCV2021_001133,0.10315690189599991,0.10315690189599991,0.0,,,
PolypGen__C3_C3_EndoCV2021_0048,0.10353102535009384,0.10353102535009384,0.0,,,
PolypGen__C3_C3_EndoCV2021_00135,0.10404040664434433,0.10404040664434433,0.0,,,
PolypGen__C5_EndoCV2021_C5_50000327,0.1065223217010498,0.1065223217010498,0.0,,,
PolypGen__C3_C3_EndoCV2021_00468,0.10656259953975677,0.10656259953975677,0.0,,,
PolypGen__C3_C3_EndoCV2021_00221,0.10744135826826096,0.10744135826826096,0.0,,,
PolypGen__C4_20_endocv2021_positive_994,0.10810401290655136,0.10810401290655136,0.0,,,
PolypGen__C6_EndoCV2021_C6_0100066,0.10911727696657181,0.10911727696657181,0.0,,,
PolypGen__C3_C3_EndoCV2021_00335,0.10964714735746384,0.10964714735746384,0.0,,,
PolypGen__C2_EndoCV2021_001255,0.11034201830625534,0.11034201830625534,0.0,,,
PolypGen__C4_4_endocv2021_positive_1020,0.11082018166780472,0.11082018166780472,0.0,,,
PolypGen__C1_156OLCV1_100H0002,0.11095700412988663,0.11095700412988663,0.0,,,
PolypGen__C2_EndoCV2021_001207,0.11183638125658035,0.11183638125658035,0.0,,,
PolypGen__C3_C3_EndoCV2021_00148,0.11290322244167328,0.11290322244167328,0.0,,,
PolypGen__C4_21_endocv2021_positive_1207,0.11371468007564545,0.11371468007564545,0.0,,,
PolypGen__C5_EndoCV2021_C5_50000322,0.11705491691827774,0.11705491691827774,0.0,,,
PolypGen__C5_EndoCV2021_C5_50000214,0.11737057566642761,0.11737057566642761,0.0,,,
PolypGen__C4_31_endocv2021_positive_1403,0.11798125505447388,0.11798125505447388,0.0,,,
PolypGen__C3_C3_EndoCV2021_00299,0.11855931580066681,0.11855931580066681,0.0,,,
PolypGen__C2_EndoCV2021_001017,0.11965275555849075,0.11965275555849075,0.0,,,
PolypGen__C1_169OLCV1_100H0007,0.12140712141990662,0.12140712141990662,0.0,,,
PolypGen__C1_779OLCV1_100H0004,0.12185490131378174,0.12185490131378174,0.0,,,
PolypGen__C1_186OLCV1_100H0008,0.12213838845491409,0.12213838845491409,0.0,,,
PolypGen__C1_958OLCV1_100H0002,0.12307911366224289,0.12307911366224289,0.0,,,
PolypGen__C3_C3_EndoCV2021_00112,0.12453975528478622,0.12453975528478622,0.0,,,
PolypGen__C2_EndoCV2021_001302,0.12940987944602966,0.12940987944602966,0.0,,,
PolypGen__C5_EndoCV2021_C5_50000024,0.13685058057308197,0.13685058057308197,0.0,,,
PolypGen__C2_EndoCV2021_001273,0.1371666043996811,0.1371666043996811,0.0,,,
PolypGen__C6_EndoCV2021_C6_0100023,0.13875925540924072,0.13875925540924072,0.0,,,
PolypGen__C2_EndoCV2021_001058,0.1401761770248413,0.1401761770248413,0.0,,,
PolypGen__C4_24_endocv2021_positive_801,0.1407022327184677,0.1407022327184677,0.0,,,
PolypGen__C4_12_endocv2021_positive_679,0.1414688378572464,0.1414688378572464,0.0,,,
PolypGen__C1_590OLCV1_100H0006,0.14167152345180511,0.14167152345180511,0.0,,,
PolypGen__C6_EndoCV2021_C6_0100001,0.1432228535413742,0.1432228535413742,0.0,,,
PolypGen__C1_333OLCV1_100H0006,0.14430364966392517,0.14430364966392517,0.0,,,
PolypGen__C2_EndoCV2021_001412,0.14975950121879578,0.14975950121879578,0.0,,,
PolypGen__C4_35_endocv2021_negative_1027,0.1498786062002182,0.1498786062002182,0.0,,,
PolypGen__C3_C3_EndoCV2021_00225,0.15100856125354767,0.15100856125354767,0.0,,,
PolypGen__C1_242OLCV1_100H0012,0.15119792520999908,0.15119792520999908,0.0,,,
PolypGen__C4_23_endocv2021_positive_1337,0.15143336355686188,0.15143336355686188,0.0,,,
PolypGen__C4_9_endocv2021_positive_1006,0.15208697319030762,0.15208697319030762,0.0,,,
PolypGen__C3_C3_EndoCV2021_0034,0.15453670918941498,0.15453670918941498,0.0,,,
PolypGen__C3_C3_EndoCV2021_00405,0.155523881316185,0.155523881316185,0.0,,,
PolypGen__C3_C3_EndoCV2021_0087,0.15596330165863037,0.15596330165863037,0.0,,,
PolypGen__C1_597OLCV1_100H0042,0.15849195420742035,0.15849195420742035,0.0,,,
PolypGen__C1_186OLCV1_100H0066,0.15879186987876892,0.15879186987876892,0.0,,,
PolypGen__C1_732OLCV1_100H0036,0.15992258489131927,0.15992258489131927,0.0,,,
PolypGen__C4_9_endocv2021_positive_864,0.1617223471403122,0.1617223471403122,0.0,,,
PolypGen__C4_14_endocv2021_positive_1242,0.16198571026325226,0.16198571026325226,0.0,,,
PolypGen__C3_C3_EndoCV2021_00490,0.1621573120355606,0.1621573120355606,0.0,,,
PolypGen__C1_492OLCV1_100H0016,0.16580244898796082,0.16580244898796082,0.0,,,
PolypGen__C2_EndoCV2021_001117,0.16714569926261902,0.16714569926261902,0.0,,,
PolypGen__C3_C3_EndoCV2021_0052,0.16720257699489594,0.16720257699489594,0.0,,,
PolypGen__C3_C3_EndoCV2021_00235,0.16988417506217957,0.16988417506217957,0.0,,,
PolypGen__C4_12_endocv2021_positive_566,0.17231561243534088,0.17231561243534088,0.0,,,
PolypGen__C4_25_endocv2021_positive_1037,0.1742047667503357,0.1742047667503357,0.0,,,
PolypGen__C1_176OLCV1_100H0587,0.17900000512599945,0.17900000512599945,0.0,,,
PolypGen__C4_5_endocv2021_positive_632,0.18110594153404236,0.18110594153404236,0.0,,,
PolypGen__C4_23_endocv2021_positive_316,0.1813105046749115,0.1813105046749115,0.0,,,
PolypGen__C5_EndoCV2021_C5_50000221,0.18267054855823517,0.18267054855823517,0.0,,,
PolypGen__C3_C3_EndoCV2021_00141,0.18395794928073883,0.18395794928073883,0.0,,,
PolypGen__C3_C3_EndoCV2021_00181,0.18408437073230743,0.18408437073230743,0.0,,,
PolypGen__C3_C3_EndoCV2021_00122,0.18556322157382965,0.18556322157382965,0.0,,,
PolypGen__C4_9_endocv2021_positive_586,0.18853159248828888,0.18853159248828888,0.0,,,
PolypGen__C1_651OLCV1_100H0010,0.18884845077991486,0.18884845077991486,0.0,,,
PolypGen__C4_10_endocv2021_positive_1006,0.19143377244472504,0.19143377244472504,0.0,,,
PolypGen__C6_EndoCV2021_C6_0100004,0.1942712366580963,0.1942712366580963,0.0,,,
PolypGen__C3_C3_EndoCV2021_00455,0.19613933563232422,0.19613933563232422,0.0,,,
PolypGen__C2_EndoCV2021_001003,0.19750989973545074,0.19750989973545074,0.0,,,
PolypGen__C1_864OLCV1_100H0004,0.2036275416612625,0.2036275416612625,0.0,,,
PolypGen__C3_C3_EndoCV2021_00392,0.2045041024684906,0.2045041024684906,0.0,,,
PolypGen__C4_31_endocv2021_positive_251,0.20723603665828705,0.20723603665828705,0.0,,,
PolypGen__C1_419OLCV1_100H0006,0.20821136236190796,0.20821136236190796,0.0,,,
PolypGen__C3_C3_EndoCV2021_00339,0.20861372351646423,0.20861372351646423,0.0,,,
PolypGen__C3_C3_EndoCV2021_0032,0.20963923633098602,0.20963923633098602,0.0,,,
PolypGen__C2_EndoCV2021_001239,0.21042408049106598,0.21042408049106598,0.0,,,
PolypGen__C4_28_endocv2021_positive_1311,0.21221578121185303,0.21221578121185303,0.0,,,
PolypGen__C1_491OLCV1_100H0004,0.21452218294143677,0.21452218294143677,0.0,,,
PolypGen__C1_711OLCV1_100H0002,0.21504823863506317,0.21504823863506317,0.0,,,
PolypGen__C2_EndoCV2021_001073,0.2169572412967682,0.2169572412967682,0.0,,,
PolypGen__C1_887OLCV1_100H0002,0.2172284573316574,0.2172284573316574,0.0,,,
PolypGen__C4_23_endocv2021_positive_310,0.2198343425989151,0.2198343425989151,0.0,,,
PolypGen__C5_EndoCV2021_C5_50000141,0.22173941135406494,0.22173941135406494,0.0,,,
PolypGen__C1_500OLCV1_100H0008,0.2243664711713791,0.2243664711713791,0.0,,,
PolypGen__C2_EndoCV2021_001112,0.22480787336826324,0.22480787336826324,0.0,,,
PolypGen__C2_EndoCV2021_001085,0.22638355195522308,0.22638355195522308,0.0,,,
PolypGen__C6_EndoCV2021_C6_0100072,0.22657743096351624,0.22657743096351624,0.0,,,
PolypGen__C4_28_endocv2021_positive_1342,0.23007968068122864,0.23007968068122864,0.0,,,
PolypGen__C3_C3_EndoCV2021_00202,0.23277443647384644,0.23277443647384644,0.0,,,
PolypGen__C1_378OLCV1_100H0016,0.23449791967868805,0.23449791967868805,0.0,,,
PolypGen__C5_EndoCV2021_C5_50000193,0.24209602177143097,0.24209602177143097,0.0,,,
PolypGen__C4_35_endocv2021_negative_1005,0.24341127276420593,0.24341127276420593,0.0,,,
PolypGen__C6_EndoCV2021_C6_0100110,0.24590298533439636,0.24590298533439636,0.0,,,
PolypGen__C2_EndoCV2021_001423,0.24834062159061432,0.24834062159061432,0.0,,,
PolypGen__C1_597OLCV1_100H0032,0.2504292130470276,0.2504292130470276,0.0,,,
PolypGen__C4_9_endocv2021_positive_324,0.2551824748516083,0.2551824748516083,0.0,,,
PolypGen__C4_24_endocv2021_positive_1074,0.2579673230648041,0.2579673230648041,0.0,,,
PolypGen__C2_EndoCV2021_001086,0.26438069343566895,0.26438069343566895,0.0,,,
PolypGen__C5_EndoCV2021_C5_50000087,0.2649777829647064,0.2649777829647064,0.0,,,
PolypGen__C5_EndoCV2021_C5_50000209,0.2653465270996094,0.2653465270996094,0.0,,,
PolypGen__C2_EndoCV2021_001209,0.2669749855995178,0.2669749855995178,0.0,,,
PolypGen__C4_14_endocv2021_positive_1266,0.2686920166015625,0.2686920166015625,0.0,,,
PolypGen__C3_C3_EndoCV2021_00454,0.2698412835597992,0.2698412835597992,0.0,,,
PolypGen__C5_EndoCV2021_C5_50000008,0.2706106901168823,0.2706106901168823,0.0,,,
PolypGen__C4_14_endocv2021_positive_519,0.27137491106987,0.27137491106987,0.0,,,
PolypGen__C2_EndoCV2021_001374,0.2790107727050781,0.2790107727050781,0.0,,,
PolypGen__C4_29_endocv2021_positive_471,0.2795758545398712,0.2795758545398712,0.0,,,
PolypGen__C3_C3_EndoCV2021_00398,0.2803840935230255,0.2803840935230255,0.0,,,
PolypGen__C3_C3_EndoCV2021_00487,0.28214284777641296,0.28214284777641296,0.0,,,
PolypGen__C2_EndoCV2021_001090,0.28583046793937683,0.28583046793937683,0.0,,,
PolypGen__C2_EndoCV2021_001344,0.2870970368385315,0.2870970368385315,0.0,,,
PolypGen__C6_EndoCV2021_C6_0100031,0.2911313474178314,0.2911313474178314,0.0,,,
PolypGen__C3_C3_EndoCV2021_00367,0.29453015327453613,0.29453015327453613,0.0,,,
PolypGen__C2_EndoCV2021_001149,0.2991486191749573,0.2991486191749573,0.0,,,
PolypGen__C1_422OLCV1_100H0002,0.3064625859260559,0.3064625859260559,0.0,,,
PolypGen__C4_24_endocv2021_positive_1139,0.30743762850761414,0.30743762850761414,0.0,,,
PolypGen__C2_EndoCV2021_001032,0.3085345923900604,0.3085345923900604,0.0,,,
PolypGen__C3_C3_EndoCV2021_00425,0.3122057318687439,0.3122057318687439,0.0,,,
PolypGen__C3_C3_EndoCV2021_00245,0.31327420473098755,0.31327420473098755,0.0,,,
PolypGen__C2_EndoCV2021_001157,0.32195258140563965,0.32195258140563965,0.0,,,
PolypGen__C2_EndoCV2021_001317,0.32473909854888916,0.32473909854888916,0.0,,,
PolypGen__C1_779OLCV1_100H0006,0.32691994309425354,0.32691994309425354,0.0,,,
PolypGen__C4_29_endocv2021_positive_738,0.33212339878082275,0.33212339878082275,0.0,,,
PolypGen__C2_EndoCV2021_001091,0.33489784598350525,0.33489784598350525,0.0,,,
PolypGen__C1_398OLCV1_100H0004,0.3355070948600769,0.3355070948600769,0.0,,,
PolypGen__C2_EndoCV2021_001386,0.3355350196361542,0.3355350196361542,0.0,,,
PolypGen__C3_C3_EndoCV2021_00177,0.34009361267089844,0.34009361267089844,0.0,,,
PolypGen__C4_22_endocv2021_positive_1165,0.3459774851799011,0.3459774851799011,0.0,,,
PolypGen__C5_EndoCV2021_C5_50000166,0.34890639781951904,0.34890639781951904,0.0,,,
PolypGen__C2_EndoCV2021_001407,0.3509030044078827,0.3509030044078827,0.0,,,
PolypGen__C1_177OLCV1_100S0005,0.3553299605846405,0.3553299605846405,0.0,,,
PolypGen__C1_155OLCV1_100H0010,0.3619047701358795,0.3619047701358795,0.0,,,
PolypGen__C3_C3_EndoCV2021_00234,0.3620604872703552,0.3620604872703552,0.0,,,
PolypGen__C2_EndoCV2021_001171,0.3641047775745392,0.3641047775745392,0.0,,,
PolypGen__C3_C3_EndoCV2021_00275,0.36446547508239746,0.36446547508239746,0.0,,,
PolypGen__C4_22_endocv2021_positive_1095,0.36978474259376526,0.36978474259376526,0.0,,,
PolypGen__C4_5_endocv2021_positive_868,0.3722214698791504,0.3722214698791504,0.0,,,
PolypGen__C4_11_endocv2021_positive_843,0.3756091296672821,0.3756091296672821,0.0,,,
PolypGen__C3_C3_EndoCV2021_00154,0.376963347196579,0.376963347196579,0.0,,,
PolypGen__C3_C3_EndoCV2021_00480,0.379271924495697,0.379271924495697,0.0,,,
PolypGen__C2_EndoCV2021_001392,0.38721317052841187,0.38721317052841187,0.0,,,
PolypGen__C3_C3_EndoCV2021_00309,0.38854295015335083,0.38854295015335083,0.0,,,
PolypGen__C1_106OLCV1_100H0012,0.39603960514068604,0.39603960514068604,0.0,,,
PolypGen__C1_175OLCV1_100H0011,0.3977793753147125,0.3977793753147125,0.0,,,
PolypGen__C3_C3_EndoCV2021_00489,0.3988763988018036,0.3988763988018036,0.0,,,
PolypGen__C5_EndoCV2021_C5_50000352,0.3989070951938629,0.3989070951938629,0.0,,,
PolypGen__C4_25_endocv2021_positive_761,0.4019149839878082,0.4019149839878082,0.0,,,
PolypGen__C1_596OLCV1_100H0002,0.41274020075798035,0.41274020075798035,0.0,,,
PolypGen__C2_EndoCV2021_001192,0.4153532385826111,0.4153532385826111,0.0,,,
PolypGen__C6_EndoCV2021_C6_0100113,0.4178364872932434,0.4178364872932434,0.0,,,
PolypGen__C5_EndoCV2021_C5_50000215,0.4208322763442993,0.4208322763442993,0.0,,,
PolypGen__C5_EndoCV2021_C5_50000284,0.4238337278366089,0.4238337278366089,0.0,,,
PolypGen__C5_EndoCV2021_C5_50000285,0.42438647150993347,0.42438647150993347,0.0,,,
PolypGen__C3_C3_EndoCV2021_00368,0.4262295067310333,0.4262295067310333,0.0,,,
PolypGen__C5_EndoCV2021_C5_50000082,0.42700037360191345,0.42700037360191345,0.0,,,
PolypGen__C5_EndoCV2021_C5_50000168,0.4350045323371887,0.4350045323371887,0.0,,,
PolypGen__C2_EndoCV2021_001183,0.43983402848243713,0.43983402848243713,0.0,,,
PolypGen__C4_14_endocv2021_positive_902,0.4529326856136322,0.4529326856136322,0.0,,,
PolypGen__C3_C3_EndoCV2021_00483,0.453043133020401,0.453043133020401,0.0,,,
PolypGen__C5_EndoCV2021_C5_50000362,0.4535577595233917,0.4535577595233917,0.0,,,
PolypGen__C2_EndoCV2021_001382,0.4567243754863739,0.4567243754863739,0.0,,,
PolypGen__C1_405OLCV1_100H0002,0.46873340010643005,0.46873340010643005,0.0,,,
PolypGen__C4_24_endocv2021_positive_1150,0.47840017080307007,0.47840017080307007,0.0,,,
PolypGen__C2_EndoCV2021_001191,0.480198472738266,0.480198472738266,0.0,,,
PolypGen__C1_241OLCV1_100H0002,0.4831507205963135,0.4831507205963135,0.0,,,
PolypGen__C4_9_endocv2021_positive_198,0.4837515354156494,0.4837515354156494,0.0,,,
PolypGen__C6_EndoCV2021_C6_0100092,0.488095223903656,0.488095223903656,0.0,,,
PolypGen__C3_C3_EndoCV2021_00168,0.49719783663749695,0.49719783663749695,0.0,,,
PolypGen__C4_25_endocv2021_positive_225,0.5094757080078125,0.5094757080078125,0.0,,,
PolypGen__C3_C3_EndoCV2021_00262,0.5135135054588318,0.5135135054588318,0.0,,,
PolypGen__C2_EndoCV2021_001327,0.5153448581695557,0.5153448581695557,0.0,,,
PolypGen__C5_EndoCV2021_C5_50000181,0.5163934230804443,0.5163934230804443,0.0,,,
PolypGen__C5_EndoCV2021_C5_50000196,0.5191107392311096,0.5191107392311096,0.0,,,
PolypGen__C2_EndoCV2021_001363,0.5198513865470886,0.5198513865470886,0.0,,,
PolypGen__C1_530OLCV1_100H0008,0.5216670036315918,0.5216670036315918,0.0,,,
PolypGen__C3_C3_EndoCV2021_00284,0.5233657956123352,0.5233657956123352,0.0,,,
PolypGen__C2_EndoCV2021_001024,0.524419367313385,0.524419367313385,0.0,,,
PolypGen__C3_C3_EndoCV2021_0065,0.5307262539863586,0.5307262539863586,0.0,,,
PolypGen__C5_EndoCV2021_C5_50000251,0.533490002155304,0.533490002155304,0.0,,,
PolypGen__C2_EndoCV2021_001339,0.5337378978729248,0.5337378978729248,0.0,,,
PolypGen__C5_EndoCV2021_C5_50000028,0.5342333912849426,0.5342333912849426,0.0,,,
PolypGen__C5_EndoCV2021_C5_50000369,0.5347156524658203,0.5347156524658203,0.0,,,
PolypGen__C5_EndoCV2021_C5_50000027,0.5363097190856934,0.5363097190856934,0.0,,,
PolypGen__C6_EndoCV2021_C6_0100093,0.5367560982704163,0.5367560982704163,0.0,,,
PolypGen__C4_32_endocv2021_positive_269,0.5386165380477905,0.5386165380477905,0.0,,,
PolypGen__C2_EndoCV2021_001307,0.541317343711853,0.541317343711853,0.0,,,
PolypGen__C4_9_endocv2021_positive_538,0.5433449745178223,0.5433449745178223,0.0,,,
PolypGen__C3_C3_EndoCV2021_00232,0.5442412495613098,0.5442412495613098,0.0,,,
PolypGen__C3_C3_EndoCV2021_00417,0.5498446226119995,0.5498446226119995,0.0,,,
PolypGen__C1_422OLCV1_100H0038,0.5551149845123291,0.5551149845123291,0.0,,,
PolypGen__C3_C3_EndoCV2021_00337,0.5567765831947327,0.5567765831947327,0.0,,,
PolypGen__C1_356OLCV1_100S0007,0.5574656128883362,0.5574656128883362,0.0,,,
PolypGen__C2_EndoCV2021_001129,0.5583941340446472,0.5583941340446472,0.0,,,
PolypGen__C2_EndoCV2021_001159,0.5592679381370544,0.5592679381370544,0.0,,,
PolypGen__C5_EndoCV2021_C5_50000167,0.5624244809150696,0.5624244809150696,0.0,,,
PolypGen__C5_EndoCV2021_C5_50000071,0.5633193850517273,0.5633193850517273,0.0,,,
PolypGen__C3_C3_EndoCV2021_00391,0.5703125,0.5703125,0.0,,,
PolypGen__C1_176OLCV1_100H0255,0.5739257335662842,0.5739257335662842,0.0,,,
PolypGen__C1_419OLCV1_100H0014,0.5739438533782959,0.5739438533782959,0.0,,,
PolypGen__C5_EndoCV2021_C5_50000323,0.5882353186607361,0.5882353186607361,0.0,,,
PolypGen__C1_177OLCV1_100H0038,0.5893611311912537,0.5893611311912537,0.0,,,
PolypGen__C1_204OLCV1_100H0006,0.5920131802558899,0.5920131802558899,0.0,,,
PolypGen__C4_31_endocv2021_positive_1318,0.5931786298751831,0.5931786298751831,0.0,,,
PolypGen__C5_EndoCV2021_C5_50000239,0.596419632434845,0.596419632434845,0.0,,,
PolypGen__C1_742OLCV1_100H0008,0.5974955558776855,0.5974955558776855,0.0,,,
PolypGen__C4_9_endocv2021_positive_457,0.6000565886497498,0.6000565886497498,0.0,,,
PolypGen__C5_EndoCV2021_C5_50000077,0.6013875007629395,0.6013875007629395,0.0,,,
PolypGen__C3_C3_EndoCV2021_00152,0.6090322732925415,0.6090322732925415,0.0,,,
PolypGen__C3_C3_EndoCV2021_00283,0.6095865368843079,0.6095865368843079,0.0,,,
PolypGen__C2_EndoCV2021_001320,0.6154910326004028,0.6154910326004028,0.0,,,
PolypGen__C1_554OLCV1_100H0002,0.6264216899871826,0.6264216899871826,0.0,,,
PolypGen__C5_EndoCV2021_C5_50000148,0.6271317601203918,0.6271317601203918,0.0,,,
PolypGen__C2_EndoCV2021_001233,0.6291118264198303,0.6291118264198303,0.0,,,
PolypGen__C5_EndoCV2021_C5_50000378,0.6368421316146851,0.6368421316146851,0.0,,,
PolypGen__C3_C3_EndoCV2021_00180,0.6372881531715393,0.6372881531715393,0.0,,,
PolypGen__C1_425OLCV1_100H0016,0.6376146674156189,0.6376146674156189,0.0,,,
PolypGen__C5_EndoCV2021_C5_50000258,0.6407923102378845,0.6407923102378845,0.0,,,
PolypGen__C5_EndoCV2021_C5_50000074,0.6424900889396667,0.6424900889396667,0.0,,,
PolypGen__C5_EndoCV2021_C5_50000206,0.6488038301467896,0.6488038301467896,0.0,,,
PolypGen__C3_C3_EndoCV2021_00369,0.6505441069602966,0.6505441069602966,0.0,,,
PolypGen__C3_C3_EndoCV2021_00380,0.6517128348350525,0.6517128348350525,0.0,,,
PolypGen__C1_524OLCV1_100H0002,0.6565874814987183,0.6565874814987183,0.0,,,
PolypGen__C3_C3_EndoCV2021_00244,0.6658718585968018,0.6658718585968018,0.0,,,
PolypGen__C4_20_endocv2021_positive_69,0.6671139597892761,0.6671139597892761,0.0,,,
PolypGen__C2_EndoCV2021_001282,0.6780821681022644,0.6780821681022644,0.0,,,
PolypGen__C3_C3_EndoCV2021_00379,0.6800343990325928,0.6800343990325928,0.0,,,
PolypGen__C3_C3_EndoCV2021_00442,0.6819875836372375,0.6819875836372375,0.0,,,
PolypGen__C3_C3_EndoCV2021_00370,0.6851851940155029,0.6851851940155029,0.0,,,
PolypGen__C4_23_endocv2021_positive_440,0.6865079402923584,0.6865079402923584,0.0,,,
PolypGen__C5_EndoCV2021_C5_50000252,0.6871628761291504,0.6871628761291504,0.0,,,
PolypGen__C2_EndoCV2021_001097,0.6935638785362244,0.6935638785362244,0.0,,,
PolypGen__C3_C3_EndoCV2021_00363,0.6944541931152344,0.6944541931152344,0.0,,,
PolypGen__C6_EndoCV2021_C6_0100036,0.6975206732749939,0.6975206732749939,0.0,,,
